destination,site,horizon,best_model,vs_model,DM,p_value,champion_significantly_better
Lăng vua Khải Định,Khai Dinh Tomb,1,RF,ARIMAX,-1.3741510479602548,0.1711034149122962,False
Lăng vua Khải Định,Khai Dinh Tomb,1,RF,DLM,-2.0630022171549567,0.04054820629147732,True
Lăng vua Khải Định,Khai Dinh Tomb,1,RF,ETS,-1.4095570054610373,0.16039592843446562,False
Lăng vua Khải Định,Khai Dinh Tomb,1,RF,LSTM,-2.9601660364951736,0.003488915034844599,True
Lăng vua Khải Định,Khai Dinh Tomb,1,RF,SARIMAX,-2.5603206202345854,0.011278554161422937,True
Lăng vua Khải Định,Khai Dinh Tomb,1,RF,SeasonalNaive7,-3.667648447060616,0.0003221571640629056,True
Lăng vua Khải Định,Khai Dinh Tomb,1,RF,TFT,-1.8047925392552333,0.07277857308038232,False
Lăng vua Khải Định,Khai Dinh Tomb,7,TFT,ARIMAX,-1.568531920975663,0.1185132977151162,False
Lăng vua Khải Định,Khai Dinh Tomb,7,TFT,DLM,-1.6131140230913619,0.10847154706807673,False
Lăng vua Khải Định,Khai Dinh Tomb,7,TFT,ETS,-1.6035718252101956,0.1105617000655992,False
Lăng vua Khải Định,Khai Dinh Tomb,7,TFT,LSTM,-1.8559616494492204,0.06509376142138085,False
Lăng vua Khải Định,Khai Dinh Tomb,7,TFT,RF,-1.4674596816549037,0.14399616420103778,False
Lăng vua Khải Định,Khai Dinh Tomb,7,TFT,SARIMAX,-1.7391451286591018,0.08371883005062088,False
Lăng vua Khải Định,Khai Dinh Tomb,7,TFT,SeasonalNaive7,-1.6270221270390315,0.10548167151185649,False
Lăng vua Khải Định,Khai Dinh Tomb,30,TFT,ARIMAX,-2.946750030557459,0.0036364910245120074,True
Lăng vua Khải Định,Khai Dinh Tomb,30,TFT,DLM,,,False
Lăng vua Khải Định,Khai Dinh Tomb,30,TFT,ETS,-2.581993909553135,0.01061834728068046,True
Lăng vua Khải Định,Khai Dinh Tomb,30,TFT,LSTM,-3.9913716702752406,9.553144378948929e-05,True
Lăng vua Khải Định,Khai Dinh Tomb,30,TFT,RF,-12.3489593510099,8.991758511061296e-26,True
Lăng vua Khải Định,Khai Dinh Tomb,30,TFT,SARIMAX,-16.631027569327877,3.148207756239345e-38,True
Lăng vua Khải Định,Khai Dinh Tomb,30,TFT,SeasonalNaive7,,,False
Lăng vua Minh Mạng,Minh Mang Tomb,1,RF,ARIMAX,-2.797125965132403,0.005716776475482954,True
Lăng vua Minh Mạng,Minh Mang Tomb,1,RF,DLM,-1.6789812755582882,0.0948907571852144,False
Lăng vua Minh Mạng,Minh Mang Tomb,1,RF,ETS,-1.3152380234179932,0.1901028926706083,False
Lăng vua Minh Mạng,Minh Mang Tomb,1,RF,LSTM,-2.637921347582332,0.009071924169556515,True
Lăng vua Minh Mạng,Minh Mang Tomb,1,RF,SARIMAX,-3.1970238625193566,0.0016403862210654877,True
Lăng vua Minh Mạng,Minh Mang Tomb,1,RF,SeasonalNaive7,-3.1605037912580642,0.0018480738343450254,True
Lăng vua Minh Mạng,Minh Mang Tomb,1,RF,TFT,0.6167164399950427,0.5382010113982623,False
Lăng vua Minh Mạng,Minh Mang Tomb,7,TFT,ARIMAX,-1.947040216280551,0.053086043156655695,False
Lăng vua Minh Mạng,Minh Mang Tomb,7,TFT,DLM,-1.4726174727156105,0.14260061181891356,False
Lăng vua Minh Mạng,Minh Mang Tomb,7,TFT,ETS,-1.4944287445186466,0.13681457983553114,False
Lăng vua Minh Mạng,Minh Mang Tomb,7,TFT,LSTM,-1.5997399481707,0.11141002053940521,False
Lăng vua Minh Mạng,Minh Mang Tomb,7,TFT,RF,-1.5182681984389765,0.1307012183322969,False
Lăng vua Minh Mạng,Minh Mang Tomb,7,TFT,SARIMAX,-1.5794567959346633,0.11598700559177239,False
Lăng vua Minh Mạng,Minh Mang Tomb,7,TFT,SeasonalNaive7,-1.5326629480202725,0.12711461225448187,False
Lăng vua Minh Mạng,Minh Mang Tomb,30,TFT,ARIMAX,-3.7564591412613217,0.00023257188020718735,True
Lăng vua Minh Mạng,Minh Mang Tomb,30,TFT,DLM,-2.1020787699601318,0.036937624190699146,True
Lăng vua Minh Mạng,Minh Mang Tomb,30,TFT,ETS,-1.8140024525149474,0.07134259709123138,False
Lăng vua Minh Mạng,Minh Mang Tomb,30,TFT,LSTM,-2.7476232487777863,0.006613807541508317,True
Lăng vua Minh Mạng,Minh Mang Tomb,30,TFT,RF,-1.901966201439762,0.058772598506934656,False
Lăng vua Minh Mạng,Minh Mang Tomb,30,TFT,SARIMAX,-2.246997991399978,0.02585478924233,True
Lăng vua Minh Mạng,Minh Mang Tomb,30,TFT,SeasonalNaive7,-3.9334301316708893,0.00011941849563299371,True
Đại Nội,Imperial City (Dai Noi),1,RF,ARIMAX,-1.908754684192475,0.05788485135504119,False
Đại Nội,Imperial City (Dai Noi),1,RF,DLM,-0.4310684213288046,0.666934405672791,False
Đại Nội,Imperial City (Dai Noi),1,RF,ETS,-1.4717828571830487,0.14282572250132844,False
Đại Nội,Imperial City (Dai Noi),1,RF,LSTM,-2.9295557416899354,0.0038339946387146227,True
Đại Nội,Imperial City (Dai Noi),1,RF,SARIMAX,-2.9845203518312906,0.00323497957959504,True
Đại Nội,Imperial City (Dai Noi),1,RF,SeasonalNaive7,-4.010331294481587,8.875703314700461e-05,True
Đại Nội,Imperial City (Dai Noi),1,RF,TFT,-1.1221377948464615,0.2632984905807475,False
Đại Nội,Imperial City (Dai Noi),7,TFT,ARIMAX,-1.9148440038506775,0.05709812331974371,False
Đại Nội,Imperial City (Dai Noi),7,TFT,DLM,-1.8784643993443966,0.061934487032061634,False
Đại Nội,Imperial City (Dai Noi),7,TFT,ETS,-1.7833896044086344,0.07620790822534768,False
Đại Nội,Imperial City (Dai Noi),7,TFT,LSTM,-1.8746743694056431,0.06245744907277387,False
Đại Nội,Imperial City (Dai Noi),7,TFT,RF,-1.5418735682178017,0.1248605084102298,False
Đại Nội,Imperial City (Dai Noi),7,TFT,SARIMAX,-2.0516932384568345,0.04164783411085672,True
Đại Nội,Imperial City (Dai Noi),7,TFT,SeasonalNaive7,-1.745572803181979,0.08259153131113511,False
Đại Nội,Imperial City (Dai Noi),30,TFT,ARIMAX,-3.5020079127622794,0.0005823424943076631,True
Đại Nội,Imperial City (Dai Noi),30,TFT,DLM,-2.913817104141924,0.004023342976269107,True
Đại Nội,Imperial City (Dai Noi),30,TFT,ETS,-3.6084968195771108,0.00039894076226489186,True
Đại Nội,Imperial City (Dai Noi),30,TFT,LSTM,-3.021544295632824,0.0028813192638103037,True
Đại Nội,Imperial City (Dai Noi),30,TFT,RF,-2.640928788830015,0.0089948232900996,True
Đại Nội,Imperial City (Dai Noi),30,TFT,SARIMAX,-4.051037797008364,7.572547690822536e-05,True
Đại Nội,Imperial City (Dai Noi),30,TFT,SeasonalNaive7,-9.20081205505577,8.90438565738515e-17,True
