mean,std,ci_lo,ci_hi,n,metric,destination,model,horizon,site
260.6166625122205,0.0,260.6166625122205,260.6166625122205,10.0,MAE,Lăng vua Khải Định,ARIMAX,1,Khai Dinh Tomb
400.16579322554577,0.0,400.16579322554577,400.16579322554577,10.0,RMSE,Lăng vua Khải Định,ARIMAX,1,Khai Dinh Tomb
13.452345915075943,3.744889033148481e-15,13.45234591507594,13.452345915075947,10.0,MAPE,Lăng vua Khải Định,ARIMAX,1,Khai Dinh Tomb
436.6173280353984,0.0,436.6173280353984,436.6173280353984,10.0,MAE,Lăng vua Khải Định,ARIMAX,7,Khai Dinh Tomb
726.6326015619945,1.198364490607514e-13,726.6326015619944,726.6326015619946,10.0,RMSE,Lăng vua Khải Định,ARIMAX,7,Khai Dinh Tomb
23.173406375379294,3.744889033148481e-15,23.17340637537929,23.173406375379297,10.0,MAPE,Lăng vua Khải Định,ARIMAX,7,Khai Dinh Tomb
623.0520143892384,1.198364490607514e-13,623.0520143892383,623.0520143892385,10.0,MAE,Lăng vua Khải Định,ARIMAX,30,Khai Dinh Tomb
822.7951677671965,0.0,822.7951677671965,822.7951677671965,10.0,RMSE,Lăng vua Khải Định,ARIMAX,30,Khai Dinh Tomb
33.475080433425276,7.489778066296963e-15,33.47508043342527,33.47508043342528,10.0,MAPE,Lăng vua Khải Định,ARIMAX,30,Khai Dinh Tomb
276.3150664359613,7.294284101055736,271.0970499300301,281.5330829418925,10.0,MAE,Lăng vua Khải Định,DLM,1,Khai Dinh Tomb
399.4413112569891,13.77017975263995,389.59071807423726,409.2919044397409,10.0,RMSE,Lăng vua Khải Định,DLM,1,Khai Dinh Tomb
14.363110989454384,0.513765313121205,13.995585424655868,14.7306365542529,10.0,MAPE,Lăng vua Khải Định,DLM,1,Khai Dinh Tomb
456.23352663318474,21.64090318712133,440.75255708645244,471.71449617991703,10.0,MAE,Lăng vua Khải Định,DLM,7,Khai Dinh Tomb
678.8756883403203,20.114618953092318,664.4865567609017,693.2648199197388,10.0,RMSE,Lăng vua Khải Định,DLM,7,Khai Dinh Tomb
23.139333301852684,1.3826789393200343,22.150224373845464,24.128442229859903,10.0,MAPE,Lăng vua Khải Định,DLM,7,Khai Dinh Tomb
703.5360725989759,137.38235984787673,605.258652720822,801.8134924771298,10.0,MAE,Lăng vua Khải Định,DLM,30,Khai Dinh Tomb
907.7900102624911,129.30982507357714,815.2873338839636,1000.2926866410187,10.0,RMSE,Lăng vua Khải Định,DLM,30,Khai Dinh Tomb
34.18218034890894,6.965864033974652,29.199101406029378,39.16525929178851,10.0,MAPE,Lăng vua Khải Định,DLM,30,Khai Dinh Tomb
256.76623094188096,5.99182245303757e-14,256.7662309418809,256.766230941881,10.0,MAE,Lăng vua Khải Định,ETS,1,Khai Dinh Tomb
392.6466777997761,0.0,392.6466777997761,392.6466777997761,10.0,RMSE,Lăng vua Khải Định,ETS,1,Khai Dinh Tomb
13.280929642860752,1.8724445165742407e-15,13.28092964286075,13.280929642860754,10.0,MAPE,Lăng vua Khải Định,ETS,1,Khai Dinh Tomb
465.6059144718505,5.99182245303757e-14,465.60591447185044,465.60591447185055,10.0,MAE,Lăng vua Khải Định,ETS,7,Khai Dinh Tomb
769.611363188191,1.198364490607514e-13,769.6113631881909,769.6113631881911,10.0,RMSE,Lăng vua Khải Định,ETS,7,Khai Dinh Tomb
25.37925169444418,0.0,25.37925169444418,25.37925169444418,10.0,MAPE,Lăng vua Khải Định,ETS,7,Khai Dinh Tomb
743.6425537506018,1.198364490607514e-13,743.6425537506017,743.6425537506019,10.0,MAE,Lăng vua Khải Định,ETS,30,Khai Dinh Tomb
1001.9403878573773,1.198364490607514e-13,1001.9403878573772,1001.9403878573775,10.0,RMSE,Lăng vua Khải Định,ETS,30,Khai Dinh Tomb
42.66801645724486,7.489778066296963e-15,42.66801645724485,42.66801645724487,10.0,MAPE,Lăng vua Khải Định,ETS,30,Khai Dinh Tomb
326.2547507352219,7.467155166801288,320.91306971856403,331.5964317518797,10.0,MAE,Lăng vua Khải Định,LSTM,1,Khai Dinh Tomb
482.5224175468278,11.695823243753484,474.1557296181898,490.8891054754658,10.0,RMSE,Lăng vua Khải Định,LSTM,1,Khai Dinh Tomb
16.203100212014586,0.2282864354120877,16.039793933899087,16.366406490130085,10.0,MAPE,Lăng vua Khải Định,LSTM,1,Khai Dinh Tomb
460.22284508533056,12.377014298227959,451.36886243157676,469.07682773908437,10.0,MAE,Lăng vua Khải Định,LSTM,7,Khai Dinh Tomb
660.5603412666007,9.554258928993754,653.7256361601443,667.3950463730572,10.0,RMSE,Lăng vua Khải Định,LSTM,7,Khai Dinh Tomb
22.71954860889269,0.27601988125773175,22.52209588064489,22.91700133714049,10.0,MAPE,Lăng vua Khải Định,LSTM,7,Khai Dinh Tomb
525.354647187658,26.511910117977344,506.38916919382075,544.3201251814952,10.0,MAE,Lăng vua Khải Định,LSTM,30,Khai Dinh Tomb
693.6752193372974,31.47096511957902,671.1622471008884,716.1881915737065,10.0,RMSE,Lăng vua Khải Định,LSTM,30,Khai Dinh Tomb
25.664436596793923,0.7931809348864901,25.097029137324583,26.231844056263263,10.0,MAPE,Lăng vua Khải Định,LSTM,30,Khai Dinh Tomb
244.27033740635042,1.586055962408175,243.13574132035774,245.4049334923431,10.0,MAE,Lăng vua Khải Định,RF,1,Khai Dinh Tomb
352.0704499239296,3.00794182556195,349.91869796620267,354.2222018816565,10.0,RMSE,Lăng vua Khải Định,RF,1,Khai Dinh Tomb
12.599470249283588,0.09693641693789054,12.530126113985302,12.668814384581873,10.0,MAPE,Lăng vua Khải Định,RF,1,Khai Dinh Tomb
396.73518659875634,5.669949084475387,392.6791493645746,400.7912238329381,10.0,MAE,Lăng vua Khải Định,RF,7,Khai Dinh Tomb
629.5032578110595,12.53645168970106,620.5352205182427,638.4712951038763,10.0,RMSE,Lăng vua Khải Định,RF,7,Khai Dinh Tomb
19.18118452573041,0.24948935698336627,19.00271059124177,19.35965846021905,10.0,MAPE,Lăng vua Khải Định,RF,7,Khai Dinh Tomb
503.9843753189798,12.573659619145744,494.9897210768772,512.9790295610825,10.0,MAE,Lăng vua Khải Định,RF,30,Khai Dinh Tomb
647.5457590570466,16.21795481385672,635.9441330799473,659.1473850341458,10.0,RMSE,Lăng vua Khải Định,RF,30,Khai Dinh Tomb
24.69141451145652,0.7856281512146406,24.129409987946275,25.253419034966768,10.0,MAPE,Lăng vua Khải Định,RF,30,Khai Dinh Tomb
283.57487908332314,0.0,283.57487908332314,283.57487908332314,10.0,MAE,Lăng vua Khải Định,SARIMAX,1,Khai Dinh Tomb
408.01917787489674,0.0,408.01917787489674,408.01917787489674,10.0,RMSE,Lăng vua Khải Định,SARIMAX,1,Khai Dinh Tomb
14.89568162977763,3.744889033148481e-15,14.895681629777627,14.895681629777634,10.0,MAPE,Lăng vua Khải Định,SARIMAX,1,Khai Dinh Tomb
453.1061195820574,1.198364490607514e-13,453.10611958205726,453.1061195820575,10.0,MAE,Lăng vua Khải Định,SARIMAX,7,Khai Dinh Tomb
652.3620496032548,1.198364490607514e-13,652.3620496032547,652.362049603255,10.0,RMSE,Lăng vua Khải Định,SARIMAX,7,Khai Dinh Tomb
23.678202318160356,3.744889033148481e-15,23.678202318160352,23.67820231816036,10.0,MAPE,Lăng vua Khải Định,SARIMAX,7,Khai Dinh Tomb
569.5522340741425,1.198364490607514e-13,569.5522340741423,569.5522340741426,10.0,MAE,Lăng vua Khải Định,SARIMAX,30,Khai Dinh Tomb
718.9653422080789,1.198364490607514e-13,718.9653422080788,718.965342208079,10.0,RMSE,Lăng vua Khải Định,SARIMAX,30,Khai Dinh Tomb
29.182023702675753,0.0,29.182023702675753,29.182023702675753,10.0,MAPE,Lăng vua Khải Định,SARIMAX,30,Khai Dinh Tomb
444.92857142857144,5.99182245303757e-14,444.9285714285714,444.9285714285715,10.0,MAE,Lăng vua Khải Định,SeasonalNaive7,1,Khai Dinh Tomb
752.7242997463092,0.0,752.7242997463092,752.7242997463092,10.0,RMSE,Lăng vua Khải Định,SeasonalNaive7,1,Khai Dinh Tomb
23.84341305224442,0.0,23.84341305224442,23.84341305224442,10.0,MAPE,Lăng vua Khải Định,SeasonalNaive7,1,Khai Dinh Tomb
453.76470588235304,5.99182245303757e-14,453.764705882353,453.7647058823531,10.0,MAE,Lăng vua Khải Định,SeasonalNaive7,7,Khai Dinh Tomb
763.1561464874463,1.198364490607514e-13,763.1561464874462,763.1561464874464,10.0,RMSE,Lăng vua Khải Định,SeasonalNaive7,7,Khai Dinh Tomb
24.2284789831208,3.744889033148481e-15,24.228478983120798,24.228478983120805,10.0,MAPE,Lăng vua Khải Định,SeasonalNaive7,7,Khai Dinh Tomb
651.232044198895,0.0,651.232044198895,651.232044198895,10.0,MAE,Lăng vua Khải Định,SeasonalNaive7,30,Khai Dinh Tomb
838.3117110370571,2.396728981215028e-13,838.3117110370569,838.3117110370573,10.0,RMSE,Lăng vua Khải Định,SeasonalNaive7,30,Khai Dinh Tomb
33.71138388687092,0.0,33.71138388687092,33.71138388687092,10.0,MAPE,Lăng vua Khải Định,SeasonalNaive7,30,Khai Dinh Tomb
329.80541257067944,43.47150878604875,298.70776854684664,360.90305659451224,10.0,MAE,Lăng vua Khải Định,TFT,1,Khai Dinh Tomb
442.0170458951503,50.536656455838816,405.8652996939058,478.16879209639484,10.0,RMSE,Lăng vua Khải Định,TFT,1,Khai Dinh Tomb
19.762138581336153,2.3209200186218606,18.10185241776842,21.422424744903886,10.0,MAPE,Lăng vua Khải Định,TFT,1,Khai Dinh Tomb
324.52902019353206,40.47381817563538,295.5757948498749,353.4822455371892,10.0,MAE,Lăng vua Khải Định,TFT,7,Khai Dinh Tomb
425.2163498902161,57.69365804880037,383.944793173277,466.48790660715525,10.0,RMSE,Lăng vua Khải Định,TFT,7,Khai Dinh Tomb
19.186526233515522,2.4108477749932766,17.46190962838746,20.911142838643585,10.0,MAPE,Lăng vua Khải Định,TFT,7,Khai Dinh Tomb
352.20872795990164,52.48406420433878,314.6638901769925,389.7535657428108,10.0,MAE,Lăng vua Khải Định,TFT,30,Khai Dinh Tomb
443.5366045936415,65.40972151540387,396.74530858882326,490.3279005984598,10.0,RMSE,Lăng vua Khải Định,TFT,30,Khai Dinh Tomb
20.132862383170472,3.024525324096498,17.96924730524142,22.296477461099524,10.0,MAPE,Lăng vua Khải Định,TFT,30,Khai Dinh Tomb
155.18397062848626,2.995911226518785e-14,155.18397062848624,155.1839706284863,10.0,MAE,Lăng vua Minh Mạng,ARIMAX,1,Minh Mang Tomb
249.24254226590452,0.0,249.24254226590452,249.24254226590452,10.0,RMSE,Lăng vua Minh Mạng,ARIMAX,1,Minh Mang Tomb
18.438095236804365,3.744889033148481e-15,18.43809523680436,18.43809523680437,10.0,MAPE,Lăng vua Minh Mạng,ARIMAX,1,Minh Mang Tomb
262.12669800935015,0.0,262.12669800935015,262.12669800935015,10.0,MAE,Lăng vua Minh Mạng,ARIMAX,7,Minh Mang Tomb
380.43197095317316,5.99182245303757e-14,380.4319709531731,380.4319709531732,10.0,RMSE,Lăng vua Minh Mạng,ARIMAX,7,Minh Mang Tomb
27.893733008936344,0.0,27.893733008936344,27.893733008936344,10.0,MAPE,Lăng vua Minh Mạng,ARIMAX,7,Minh Mang Tomb
325.1219642228383,5.99182245303757e-14,325.12196422283824,325.12196422283836,10.0,MAE,Lăng vua Minh Mạng,ARIMAX,30,Minh Mang Tomb
427.1846831665754,5.99182245303757e-14,427.1846831665753,427.18468316657544,10.0,RMSE,Lăng vua Minh Mạng,ARIMAX,30,Minh Mang Tomb
34.27216269558142,0.0,34.27216269558142,34.27216269558142,10.0,MAPE,Lăng vua Minh Mạng,ARIMAX,30,Minh Mang Tomb
145.18542290773001,6.00981383916965,140.8862610741757,149.48458474128432,10.0,MAE,Lăng vua Minh Mạng,DLM,1,Minh Mang Tomb
223.63483274678237,12.316656795462201,214.82402724946027,232.44563824410446,10.0,RMSE,Lăng vua Minh Mạng,DLM,1,Minh Mang Tomb
17.67820530602196,0.6861567955616721,17.18735830372609,18.169052308317834,10.0,MAPE,Lăng vua Minh Mạng,DLM,1,Minh Mang Tomb
207.27250342535217,10.763406034654277,199.57282658650567,214.97218026419867,10.0,MAE,Lăng vua Minh Mạng,DLM,7,Minh Mang Tomb
331.92485806589497,12.174100056010253,323.216031516635,340.63368461515495,10.0,RMSE,Lăng vua Minh Mạng,DLM,7,Minh Mang Tomb
24.37768883730722,1.4834186446733475,23.316515065368275,25.43886260924616,10.0,MAPE,Lăng vua Minh Mạng,DLM,7,Minh Mang Tomb
312.8954206197989,82.77929932382318,253.6786771756261,372.11216406397176,10.0,MAE,Lăng vua Minh Mạng,DLM,30,Minh Mang Tomb
423.92384949045766,72.99055787261251,371.7095498443427,476.1381491365726,10.0,RMSE,Lăng vua Minh Mạng,DLM,30,Minh Mang Tomb
36.12917805179394,9.653670112768662,29.223358468491643,43.03499763509624,10.0,MAPE,Lăng vua Minh Mạng,DLM,30,Minh Mang Tomb
135.6659024982087,2.995911226518785e-14,135.66590249820868,135.66590249820874,10.0,MAE,Lăng vua Minh Mạng,ETS,1,Minh Mang Tomb
227.2910440297439,0.0,227.2910440297439,227.2910440297439,10.0,RMSE,Lăng vua Minh Mạng,ETS,1,Minh Mang Tomb
16.934902710298534,0.0,16.934902710298534,16.934902710298534,10.0,MAPE,Lăng vua Minh Mạng,ETS,1,Minh Mang Tomb
214.83948684728028,0.0,214.83948684728028,214.83948684728028,10.0,MAE,Lăng vua Minh Mạng,ETS,7,Minh Mang Tomb
376.3335504548485,5.99182245303757e-14,376.3335504548484,376.33355045484853,10.0,RMSE,Lăng vua Minh Mạng,ETS,7,Minh Mang Tomb
27.621778939588285,7.489778066296963e-15,27.62177893958828,27.621778939588292,10.0,MAPE,Lăng vua Minh Mạng,ETS,7,Minh Mang Tomb
323.6287665730675,0.0,323.6287665730675,323.6287665730675,10.0,MAE,Lăng vua Minh Mạng,ETS,30,Minh Mang Tomb
468.21299131252465,0.0,468.21299131252465,468.21299131252465,10.0,RMSE,Lăng vua Minh Mạng,ETS,30,Minh Mang Tomb
44.362377216584505,7.489778066296963e-15,44.3623772165845,44.36237721658451,10.0,MAPE,Lăng vua Minh Mạng,ETS,30,Minh Mang Tomb
157.97350656951454,3.2869001892874747,155.62219981981337,160.3248133192157,10.0,MAE,Lăng vua Minh Mạng,LSTM,1,Minh Mang Tomb
256.4878868931172,6.040473336392996,252.16679257649005,260.8089812097444,10.0,RMSE,Lăng vua Minh Mạng,LSTM,1,Minh Mang Tomb
18.877156314617288,0.3510113809927391,18.62605789914363,19.128254730090948,10.0,MAPE,Lăng vua Minh Mạng,LSTM,1,Minh Mang Tomb
211.25025049814627,6.8561271433912445,206.34567259778723,216.15482839850532,10.0,MAE,Lăng vua Minh Mạng,LSTM,7,Minh Mang Tomb
332.1449701356281,8.242840174464632,326.2483974918667,338.04154277938954,10.0,RMSE,Lăng vua Minh Mạng,LSTM,7,Minh Mang Tomb
24.38742246745047,0.3993547956884033,24.10174125641521,24.67310367848573,10.0,MAPE,Lăng vua Minh Mạng,LSTM,7,Minh Mang Tomb
277.1308202390813,42.0088212820233,247.07951982255597,307.1821206556066,10.0,MAE,Lăng vua Minh Mạng,LSTM,30,Minh Mang Tomb
378.99497417497696,45.04597256092913,346.77102661655505,411.2189217333989,10.0,RMSE,Lăng vua Minh Mạng,LSTM,30,Minh Mang Tomb
31.601783508425665,3.596371069289305,29.02909462751289,34.17447238933844,10.0,MAPE,Lăng vua Minh Mạng,LSTM,30,Minh Mang Tomb
134.70240225854525,0.7315395621082977,134.1790903807874,135.2257141363031,10.0,MAE,Lăng vua Minh Mạng,RF,1,Minh Mang Tomb
206.8948983156974,1.4764756057492041,205.83869129460138,207.9511053367934,10.0,RMSE,Lăng vua Minh Mạng,RF,1,Minh Mang Tomb
16.683013766883008,0.08112045963775026,16.624983685864194,16.74104384790182,10.0,MAPE,Lăng vua Minh Mạng,RF,1,Minh Mang Tomb
178.06579139905136,2.144874431816641,176.5314406617735,179.60014213632923,10.0,MAE,Lăng vua Minh Mạng,RF,7,Minh Mang Tomb
274.3344668578844,3.4192986706833457,271.88844794017433,276.7804857755945,10.0,RMSE,Lăng vua Minh Mạng,RF,7,Minh Mang Tomb
22.105513377694866,0.4573199947772393,21.778366361184418,22.432660394205314,10.0,MAPE,Lăng vua Minh Mạng,RF,7,Minh Mang Tomb
229.40033791310026,3.195947240246477,227.11409498361556,231.68658084258496,10.0,MAE,Lăng vua Minh Mạng,RF,30,Minh Mang Tomb
300.3688923338009,2.135775348713579,298.84105068845895,301.8967339791428,10.0,RMSE,Lăng vua Minh Mạng,RF,30,Minh Mang Tomb
29.264470987725844,0.46104133296194916,28.934661886245443,29.594280089206244,10.0,MAPE,Lăng vua Minh Mạng,RF,30,Minh Mang Tomb
151.59006328275964,2.995911226518785e-14,151.59006328275962,151.59006328275967,10.0,MAE,Lăng vua Minh Mạng,SARIMAX,1,Minh Mang Tomb
239.79735063392536,0.0,239.79735063392536,239.79735063392536,10.0,RMSE,Lăng vua Minh Mạng,SARIMAX,1,Minh Mang Tomb
18.888265341125713,3.744889033148481e-15,18.88826534112571,18.888265341125717,10.0,MAPE,Lăng vua Minh Mạng,SARIMAX,1,Minh Mang Tomb
209.93114444542715,0.0,209.93114444542715,209.93114444542715,10.0,MAE,Lăng vua Minh Mạng,SARIMAX,7,Minh Mang Tomb
329.96909539308865,5.99182245303757e-14,329.9690953930886,329.9690953930887,10.0,RMSE,Lăng vua Minh Mạng,SARIMAX,7,Minh Mang Tomb
25.922940063597885,3.744889033148481e-15,25.92294006359788,25.92294006359789,10.0,MAPE,Lăng vua Minh Mạng,SARIMAX,7,Minh Mang Tomb
267.7065348268552,0.0,267.7065348268552,267.7065348268552,10.0,MAE,Lăng vua Minh Mạng,SARIMAX,30,Minh Mang Tomb
361.636428831199,5.99182245303757e-14,361.63642883119894,361.63642883119905,10.0,RMSE,Lăng vua Minh Mạng,SARIMAX,30,Minh Mang Tomb
32.7375773231819,7.489778066296963e-15,32.737577323181895,32.73757732318191,10.0,MAPE,Lăng vua Minh Mạng,SARIMAX,30,Minh Mang Tomb
215.8666666666667,5.99182245303757e-14,215.86666666666665,215.86666666666676,10.0,MAE,Lăng vua Minh Mạng,SeasonalNaive7,1,Minh Mang Tomb
392.4825261503157,5.99182245303757e-14,392.48252615031566,392.4825261503158,10.0,RMSE,Lăng vua Minh Mạng,SeasonalNaive7,1,Minh Mang Tomb
27.484673966728018,0.0,27.484673966728018,27.484673966728018,10.0,MAPE,Lăng vua Minh Mạng,SeasonalNaive7,1,Minh Mang Tomb
217.0686274509804,0.0,217.0686274509804,217.0686274509804,10.0,MAE,Lăng vua Minh Mạng,SeasonalNaive7,7,Minh Mang Tomb
396.13293718342663,5.99182245303757e-14,396.1329371834266,396.1329371834267,10.0,RMSE,Lăng vua Minh Mạng,SeasonalNaive7,7,Minh Mang Tomb
27.417842535125068,3.744889033148481e-15,27.417842535125065,27.41784253512507,10.0,MAPE,Lăng vua Minh Mạng,SeasonalNaive7,7,Minh Mang Tomb
305.1602209944751,5.99182245303757e-14,305.160220994475,305.16022099447514,10.0,MAE,Lăng vua Minh Mạng,SeasonalNaive7,30,Minh Mang Tomb
430.535732053201,5.99182245303757e-14,430.53573205320095,430.53573205320106,10.0,RMSE,Lăng vua Minh Mạng,SeasonalNaive7,30,Minh Mang Tomb
37.952889777351196,7.489778066296963e-15,37.95288977735119,37.9528897773512,10.0,MAPE,Lăng vua Minh Mạng,SeasonalNaive7,30,Minh Mang Tomb
162.01227872226778,7.191390190331627,156.86786808595724,167.15668935857832,10.0,MAE,Lăng vua Minh Mạng,TFT,1,Minh Mang Tomb
225.07393674689766,11.40393026160521,216.91605647884896,233.23181701494636,10.0,RMSE,Lăng vua Minh Mạng,TFT,1,Minh Mang Tomb
21.991961716291428,1.5399027027427734,20.890381683334276,23.09354174924858,10.0,MAPE,Lăng vua Minh Mạng,TFT,1,Minh Mang Tomb
164.50693640946025,18.574195310225903,151.2197575211139,177.7941152978066,10.0,MAE,Lăng vua Minh Mạng,TFT,7,Minh Mang Tomb
227.81811161759978,29.6871375632024,206.58121274273708,249.0550104924625,10.0,RMSE,Lăng vua Minh Mạng,TFT,7,Minh Mang Tomb
20.96578295535135,1.9651492403519666,19.559999874967833,22.37156603573487,10.0,MAPE,Lăng vua Minh Mạng,TFT,7,Minh Mang Tomb
177.29675319945616,40.89743495551634,148.0404906668186,206.5530157320937,10.0,MAE,Lăng vua Minh Mạng,TFT,30,Minh Mang Tomb
238.67743347428845,46.79483718047047,205.20242353263896,272.15244341593797,10.0,RMSE,Lăng vua Minh Mạng,TFT,30,Minh Mang Tomb
20.977736771921258,4.682400295353399,17.62814938403836,24.327324159804157,10.0,MAPE,Lăng vua Minh Mạng,TFT,30,Minh Mang Tomb
646.94739742796,0.0,646.94739742796,646.94739742796,10.0,MAE,Đại Nội,ARIMAX,1,Imperial City (Dai Noi)
1055.7647292517718,2.396728981215028e-13,1055.7647292517715,1055.764729251772,10.0,RMSE,Đại Nội,ARIMAX,1,Imperial City (Dai Noi)
12.014850367161344,0.0,12.014850367161344,12.014850367161344,10.0,MAPE,Đại Nội,ARIMAX,1,Imperial City (Dai Noi)
1180.9258700023915,2.396728981215028e-13,1180.9258700023913,1180.9258700023918,10.0,MAE,Đại Nội,ARIMAX,7,Imperial City (Dai Noi)
1757.4454553974297,0.0,1757.4454553974297,1757.4454553974297,10.0,RMSE,Đại Nội,ARIMAX,7,Imperial City (Dai Noi)
21.743637241723157,3.744889033148481e-15,21.743637241723153,21.74363724172316,10.0,MAPE,Đại Nội,ARIMAX,7,Imperial City (Dai Noi)
1492.3603515504435,0.0,1492.3603515504435,1492.3603515504435,10.0,MAE,Đại Nội,ARIMAX,30,Imperial City (Dai Noi)
1878.4882281284413,2.396728981215028e-13,1878.488228128441,1878.4882281284415,10.0,RMSE,Đại Nội,ARIMAX,30,Imperial City (Dai Noi)
28.35923656109697,3.744889033148481e-15,28.359236561096967,28.359236561096974,10.0,MAPE,Đại Nội,ARIMAX,30,Imperial City (Dai Noi)
641.6652845654261,16.17612915089713,630.0935788651725,653.2369902656797,10.0,MAE,Đại Nội,DLM,1,Imperial City (Dai Noi)
968.5112713787263,27.41915031973747,948.8967928411697,988.1257499162829,10.0,RMSE,Đại Nội,DLM,1,Imperial City (Dai Noi)
12.526023065256194,0.41853932396802523,12.226618069427976,12.825428061084411,10.0,MAPE,Đại Nội,DLM,1,Imperial City (Dai Noi)
1201.9296912319728,63.16892126041761,1156.7413671644995,1247.1180152994461,10.0,MAE,Đại Nội,DLM,7,Imperial City (Dai Noi)
1760.305839821693,70.68556941454146,1709.7404295872827,1810.8712500561035,10.0,RMSE,Đại Nội,DLM,7,Imperial City (Dai Noi)
23.48392341441219,1.4445428805459932,22.45055968881732,24.517287140007056,10.0,MAPE,Đại Nội,DLM,7,Imperial City (Dai Noi)
1747.0491009144748,255.64055635559635,1564.1748634747976,1929.923338354152,10.0,MAE,Đại Nội,DLM,30,Imperial City (Dai Noi)
2320.999466595081,251.03498789360467,2141.4198543606913,2500.5790788294703,10.0,RMSE,Đại Nội,DLM,30,Imperial City (Dai Noi)
32.5365492569151,5.362268914958772,28.70061315683274,36.37248535699746,10.0,MAPE,Đại Nội,DLM,30,Imperial City (Dai Noi)
630.1482408819941,1.198364490607514e-13,630.148240881994,630.1482408819942,10.0,MAE,Đại Nội,ETS,1,Imperial City (Dai Noi)
1055.9202132938267,2.396728981215028e-13,1055.9202132938265,1055.920213293827,10.0,RMSE,Đại Nội,ETS,1,Imperial City (Dai Noi)
11.984329787939398,1.8724445165742407e-15,11.984329787939396,11.9843297879394,10.0,MAPE,Đại Nội,ETS,1,Imperial City (Dai Noi)
1201.25244079117,2.396728981215028e-13,1201.2524407911699,1201.2524407911703,10.0,MAE,Đại Nội,ETS,7,Imperial City (Dai Noi)
1962.988461298278,2.396728981215028e-13,1962.9884612982778,1962.9884612982783,10.0,RMSE,Đại Nội,ETS,7,Imperial City (Dai Noi)
23.89670446813657,3.744889033148481e-15,23.896704468136566,23.896704468136573,10.0,MAPE,Đại Nội,ETS,7,Imperial City (Dai Noi)
1973.3636846075592,2.396728981215028e-13,1973.363684607559,1973.3636846075594,10.0,MAE,Đại Nội,ETS,30,Imperial City (Dai Noi)
2486.114067262278,4.793457962430056e-13,2486.1140672622773,2486.1140672622782,10.0,RMSE,Đại Nội,ETS,30,Imperial City (Dai Noi)
39.987703107160655,0.0,39.987703107160655,39.987703107160655,10.0,MAPE,Đại Nội,ETS,30,Imperial City (Dai Noi)
729.1546886172844,23.463563082431893,712.3698667271736,745.9395105073951,10.0,MAE,Đại Nội,LSTM,1,Imperial City (Dai Noi)
1122.850828148526,49.02761400596972,1087.7785858852249,1157.9230704118272,10.0,RMSE,Đại Nội,LSTM,1,Imperial City (Dai Noi)
13.721143308902327,0.2001215015795332,13.577985010710652,13.864301607094003,10.0,MAPE,Đại Nội,LSTM,1,Imperial City (Dai Noi)
1201.9828291998317,64.76554937488683,1155.6523461843776,1248.3133122152858,10.0,MAE,Đại Nội,LSTM,7,Imperial City (Dai Noi)
1757.355975560279,70.19500729714797,1707.1414923243622,1807.5704587961957,10.0,RMSE,Đại Nội,LSTM,7,Imperial City (Dai Noi)
23.058456714008777,1.8914930597140316,21.705364091113328,24.411549336904226,10.0,MAPE,Đại Nội,LSTM,7,Imperial City (Dai Noi)
1697.3007538143552,206.9231514495257,1549.2768484160658,1845.3246592126445,10.0,MAE,Đại Nội,LSTM,30,Imperial City (Dai Noi)
2158.2102261681443,266.4445357611466,1967.6072874485508,2348.813164887738,10.0,RMSE,Đại Nội,LSTM,30,Imperial City (Dai Noi)
33.16553812341925,4.984877094297354,29.59957186851055,36.731504378327955,10.0,MAPE,Đại Nội,LSTM,30,Imperial City (Dai Noi)
578.5586153546882,5.073749079879241,574.9290739111445,582.1881567982318,10.0,MAE,Đại Nội,RF,1,Imperial City (Dai Noi)
919.7238734477575,10.507220153917931,912.2074609479124,927.2402859476025,10.0,RMSE,Đại Nội,RF,1,Imperial City (Dai Noi)
10.663989323962037,0.09933155090687835,10.59293181303827,10.735046834885804,10.0,MAPE,Đại Nội,RF,1,Imperial City (Dai Noi)
1011.1603467627285,9.921117368454762,1004.0632069380836,1018.2574865873735,10.0,MAE,Đại Nội,RF,7,Imperial City (Dai Noi)
1668.1123648708635,17.833145053464506,1655.355301401376,1680.869428340351,10.0,RMSE,Đại Nội,RF,7,Imperial City (Dai Noi)
17.665967991360855,0.19205777559580303,17.528578135239638,17.803357847482072,10.0,MAPE,Đại Nội,RF,7,Imperial City (Dai Noi)
1494.0566022409512,35.9776990182304,1468.3197067866902,1519.7934976952122,10.0,MAE,Đại Nội,RF,30,Imperial City (Dai Noi)
1926.0310629155774,41.11892319086067,1896.616357244191,1955.4457685869638,10.0,RMSE,Đại Nội,RF,30,Imperial City (Dai Noi)
27.106030447191603,0.7465284450543687,26.571996168505223,27.640064725877984,10.0,MAPE,Đại Nội,RF,30,Imperial City (Dai Noi)
731.9181410325546,0.0,731.9181410325546,731.9181410325546,10.0,MAE,Đại Nội,SARIMAX,1,Imperial City (Dai Noi)
1113.5625350311561,2.396728981215028e-13,1113.562535031156,1113.5625350311564,10.0,RMSE,Đại Nội,SARIMAX,1,Imperial City (Dai Noi)
13.984211191960677,1.8724445165742407e-15,13.984211191960675,13.984211191960679,10.0,MAPE,Đại Nội,SARIMAX,1,Imperial City (Dai Noi)
1245.5474628882223,0.0,1245.5474628882223,1245.5474628882223,10.0,MAE,Đại Nội,SARIMAX,7,Imperial City (Dai Noi)
1790.3208864290486,0.0,1790.3208864290486,1790.3208864290486,10.0,RMSE,Đại Nội,SARIMAX,7,Imperial City (Dai Noi)
23.841707831162946,0.0,23.841707831162946,23.841707831162946,10.0,MAPE,Đại Nội,SARIMAX,7,Imperial City (Dai Noi)
1608.4523972294649,0.0,1608.4523972294649,1608.4523972294649,10.0,MAE,Đại Nội,SARIMAX,30,Imperial City (Dai Noi)
2004.2055626752995,0.0,2004.2055626752995,2004.2055626752995,10.0,RMSE,Đại Nội,SARIMAX,30,Imperial City (Dai Noi)
30.689981024086467,7.489778066296963e-15,30.68998102408646,30.689981024086475,10.0,MAPE,Đại Nội,SARIMAX,30,Imperial City (Dai Noi)
1178.647619047619,0.0,1178.647619047619,1178.647619047619,10.0,MAE,Đại Nội,SeasonalNaive7,1,Imperial City (Dai Noi)
1997.9909123202447,2.396728981215028e-13,1997.9909123202444,1997.990912320245,10.0,RMSE,Đại Nội,SeasonalNaive7,1,Imperial City (Dai Noi)
23.319442338144142,0.0,23.319442338144142,23.319442338144142,10.0,MAPE,Đại Nội,SeasonalNaive7,1,Imperial City (Dai Noi)
1204.4656862745098,2.396728981215028e-13,1204.4656862745096,1204.46568627451,10.0,MAE,Đại Nội,SeasonalNaive7,7,Imperial City (Dai Noi)
2026.3039773991288,4.793457962430056e-13,2026.3039773991284,2026.3039773991293,10.0,RMSE,Đại Nội,SeasonalNaive7,7,Imperial City (Dai Noi)
23.764236092885742,0.0,23.764236092885742,23.764236092885742,10.0,MAPE,Đại Nội,SeasonalNaive7,7,Imperial City (Dai Noi)
1845.7182320441993,4.793457962430056e-13,1845.7182320441989,1845.7182320441998,10.0,MAE,Đại Nội,SeasonalNaive7,30,Imperial City (Dai Noi)
2383.4043470984843,4.793457962430056e-13,2383.404347098484,2383.404347098485,10.0,RMSE,Đại Nội,SeasonalNaive7,30,Imperial City (Dai Noi)
35.61048146863443,7.489778066296963e-15,35.610481468634426,35.61048146863444,10.0,MAPE,Đại Nội,SeasonalNaive7,30,Imperial City (Dai Noi)
897.2597768203987,167.43931017218483,777.4809099548025,1017.0386436859948,10.0,MAE,Đại Nội,TFT,1,Imperial City (Dai Noi)
1186.605377990877,177.47660060578235,1059.6462660961963,1313.5644898855578,10.0,RMSE,Đại Nội,TFT,1,Imperial City (Dai Noi)
19.619589853327977,4.285192781394053,16.554147603666358,22.685032102989595,10.0,MAPE,Đại Nội,TFT,1,Imperial City (Dai Noi)
882.0127485918077,70.92057108092963,831.2792282924278,932.7462688911877,10.0,MAE,Đại Nội,TFT,7,Imperial City (Dai Noi)
1158.480921903054,82.79494039322181,1099.2529895118698,1217.708854294238,10.0,RMSE,Đại Nội,TFT,7,Imperial City (Dai Noi)
18.790336493751656,2.0307781918531242,17.33760528967901,20.2430676978243,10.0,MAPE,Đại Nội,TFT,7,Imperial City (Dai Noi)
957.5796916814139,172.05098519972785,834.5018312366909,1080.6575521261368,10.0,MAE,Đại Nội,TFT,30,Imperial City (Dai Noi)
1226.0962538045105,239.31897019396402,1054.8977757422406,1397.2947318667805,10.0,RMSE,Đại Nội,TFT,30,Imperial City (Dai Noi)
19.880787323933685,3.2111534595663582,17.58366652044454,22.17790812742283,10.0,MAPE,Đại Nội,TFT,30,Imperial City (Dai Noi)
