MAE,RMSE,MSE,MAPE,R2,destination,model,horizon,seed
260.6166625122205,400.16579322554577,160132.66206783024,13.452345915075945,0.6365366183426442,Lăng vua Khải Định,ARIMAX,1,1
260.6166625122205,400.16579322554577,160132.66206783024,13.452345915075945,0.6365366183426442,Lăng vua Khải Định,ARIMAX,1,7
260.6166625122205,400.16579322554577,160132.66206783024,13.452345915075945,0.6365366183426442,Lăng vua Khải Định,ARIMAX,1,42
260.6166625122205,400.16579322554577,160132.66206783024,13.452345915075945,0.6365366183426442,Lăng vua Khải Định,ARIMAX,1,77
260.6166625122205,400.16579322554577,160132.66206783024,13.452345915075945,0.6365366183426442,Lăng vua Khải Định,ARIMAX,1,99
260.6166625122205,400.16579322554577,160132.66206783024,13.452345915075945,0.6365366183426442,Lăng vua Khải Định,ARIMAX,1,123
260.6166625122205,400.16579322554577,160132.66206783024,13.452345915075945,0.6365366183426442,Lăng vua Khải Định,ARIMAX,1,256
260.6166625122205,400.16579322554577,160132.66206783024,13.452345915075945,0.6365366183426442,Lăng vua Khải Định,ARIMAX,1,512
260.6166625122205,400.16579322554577,160132.66206783024,13.452345915075945,0.6365366183426442,Lăng vua Khải Định,ARIMAX,1,2024
260.6166625122205,400.16579322554577,160132.66206783024,13.452345915075945,0.6365366183426442,Lăng vua Khải Định,ARIMAX,1,2025
436.6173280353984,726.6326015619945,527994.9376527523,23.17340637537929,-0.21427806049416187,Lăng vua Khải Định,ARIMAX,7,1
436.6173280353984,726.6326015619945,527994.9376527523,23.17340637537929,-0.21427806049416187,Lăng vua Khải Định,ARIMAX,7,7
436.6173280353984,726.6326015619945,527994.9376527523,23.17340637537929,-0.21427806049416187,Lăng vua Khải Định,ARIMAX,7,42
436.6173280353984,726.6326015619945,527994.9376527523,23.17340637537929,-0.21427806049416187,Lăng vua Khải Định,ARIMAX,7,77
436.6173280353984,726.6326015619945,527994.9376527523,23.17340637537929,-0.21427806049416187,Lăng vua Khải Định,ARIMAX,7,99
436.6173280353984,726.6326015619945,527994.9376527523,23.17340637537929,-0.21427806049416187,Lăng vua Khải Định,ARIMAX,7,123
436.6173280353984,726.6326015619945,527994.9376527523,23.17340637537929,-0.21427806049416187,Lăng vua Khải Định,ARIMAX,7,256
436.6173280353984,726.6326015619945,527994.9376527523,23.17340637537929,-0.21427806049416187,Lăng vua Khải Định,ARIMAX,7,512
436.6173280353984,726.6326015619945,527994.9376527523,23.17340637537929,-0.21427806049416187,Lăng vua Khải Định,ARIMAX,7,2024
436.6173280353984,726.6326015619945,527994.9376527523,23.17340637537929,-0.21427806049416187,Lăng vua Khải Định,ARIMAX,7,2025
623.0520143892384,822.7951677671965,676991.888101049,33.47508043342528,-0.7893229590399033,Lăng vua Khải Định,ARIMAX,30,1
623.0520143892384,822.7951677671965,676991.888101049,33.47508043342528,-0.7893229590399033,Lăng vua Khải Định,ARIMAX,30,7
623.0520143892384,822.7951677671965,676991.888101049,33.47508043342528,-0.7893229590399033,Lăng vua Khải Định,ARIMAX,30,42
623.0520143892384,822.7951677671965,676991.888101049,33.47508043342528,-0.7893229590399033,Lăng vua Khải Định,ARIMAX,30,77
623.0520143892384,822.7951677671965,676991.888101049,33.47508043342528,-0.7893229590399033,Lăng vua Khải Định,ARIMAX,30,99
623.0520143892384,822.7951677671965,676991.888101049,33.47508043342528,-0.7893229590399033,Lăng vua Khải Định,ARIMAX,30,123
623.0520143892384,822.7951677671965,676991.888101049,33.47508043342528,-0.7893229590399033,Lăng vua Khải Định,ARIMAX,30,256
623.0520143892384,822.7951677671965,676991.888101049,33.47508043342528,-0.7893229590399033,Lăng vua Khải Định,ARIMAX,30,512
623.0520143892384,822.7951677671965,676991.888101049,33.47508043342528,-0.7893229590399033,Lăng vua Khải Định,ARIMAX,30,2024
623.0520143892384,822.7951677671965,676991.888101049,33.47508043342528,-0.7893229590399033,Lăng vua Khải Định,ARIMAX,30,2025
272.34042862785225,402.18102583906705,161749.57754496433,14.089684109858611,0.6056655210275982,Lăng vua Khải Định,DLM,1,1
282.68330444469336,392.8531033444698,154333.56080738065,14.871700018158892,0.6237452659063922,Lăng vua Khải Định,DLM,1,7
266.14012104367964,389.2123592772345,151486.26061415108,13.692253208618812,0.6306867902999449,Lăng vua Khải Định,DLM,1,42
269.33221088557247,377.43344721136845,142456.00707385683,14.52215379903209,0.6527019348143763,Lăng vua Khải Định,DLM,1,77
270.1718066284075,388.73480653675705,151114.7498131699,13.76417962602519,0.6315925083881222,Lăng vua Khải Định,DLM,1,99
287.5258959039825,425.64576566429247,181174.31782794176,14.221622378235166,0.5583093241526309,Lăng vua Khải Định,DLM,1,123
283.1512983883244,412.48597016965306,170144.67558679992,15.124426095784143,0.5851988424588137,Lăng vua Khải Định,DLM,1,256
280.41984988376254,404.4728098877487,163598.25393849093,14.860921257954363,0.6011585736000091,Lăng vua Khải Định,DLM,1,512
271.08650154657903,406.47349214904165,165220.69981983703,13.835037374142633,0.5972031607884754,Lăng vua Khải Định,DLM,1,2024
280.29924700675866,394.9203324902577,155962.0690142157,14.649132026733916,0.6197750735572589,Lăng vua Khải Định,DLM,1,2025
437.8423960700692,642.5812249327531,412910.63063607743,22.23715219676735,-0.00592920752845516,Lăng vua Khải Định,DLM,7,1
464.89550922472654,689.2177517579518,475021.1093382856,23.57046978087541,-0.15724220357284957,Lăng vua Khải Định,DLM,7,7
474.58682259952434,683.6609552434321,467392.30172436207,23.9651501210877,-0.13865697028486323,Lăng vua Khải Định,DLM,7,42
437.43688537543665,686.9926400906785,471958.88753876055,23.077937099340218,-0.1497820460483814,Lăng vua Khải Định,DLM,7,77
422.2406385691104,666.008550476373,443567.38930763945,20.197519032469817,-0.08061493046169521,Lăng vua Khải Định,DLM,7,99
484.6988334115075,709.6651869176836,503624.6775229109,23.08158189812797,-0.22692596209493465,Lăng vua Khải Định,DLM,7,123
465.22376947468643,676.7974853019499,458054.8361110431,25.04278613379782,-0.1159091195689328,Lăng vua Khải Định,DLM,7,256
464.7050118022845,684.6570661950936,468755.2982908729,24.1974922685651,-0.1419774904029869,Lăng vua Khải Định,DLM,7,512
433.0860765852441,652.9052651211002,426285.2852228541,21.989957575315408,-0.038512422130408064,Lăng vua Khải Định,DLM,7,2024
477.6193232192574,696.2707573661867,484792.96756328316,24.033286912180046,-0.1810483177075466,Lăng vua Khải Định,DLM,7,2025
612.2211647413055,815.1173788902697,664416.3413689436,28.106546306247626,-0.7560851686236072,Lăng vua Khải Định,DLM,30,1
594.8982188103324,816.0008824949273,665857.4402325002,27.812209783771735,-0.7598940640153096,Lăng vua Khải Định,DLM,30,7
781.2145411855573,985.4093195281836,971031.5270129978,36.087581789456294,-1.5664842308665778,Lăng vua Khải Định,DLM,30,42
597.1706779176881,827.6650006091644,685029.353233368,29.664278103908217,-0.8105663759057706,Lăng vua Khải Định,DLM,30,77
640.3980755379204,856.2698651174371,733198.081908234,30.068144911311016,-0.9378787021545556,Lăng vua Khải Định,DLM,30,99
975.9728377268254,1155.6637518183838,1335558.7072669433,45.06451493295454,-2.529947551899909,Lăng vua Khải Định,DLM,30,123
601.111937823725,789.6427184754066,623535.6228412301,32.61412088737221,-0.6480354127412036,Lăng vua Khải Định,DLM,30,256
853.0991933497951,1045.5906353953171,1093259.776826383,47.158862322698305,-1.8895395251446545,Lăng vua Khải Định,DLM,30,512
587.3563387971441,784.7210110957741,615787.065255174,29.150710892841786,-0.6275555927731045,Lăng vua Khải Định,DLM,30,2024
791.9177400994646,1001.8195392000486,1003642.3891229975,36.09483355852766,-1.6526763482509996,Lăng vua Khải Định,DLM,30,2025
256.76623094188096,392.6466777997761,154171.41358720118,13.280929642860754,0.6241405698110873,Lăng vua Khải Định,ETS,1,1
256.76623094188096,392.6466777997761,154171.41358720118,13.280929642860754,0.6241405698110873,Lăng vua Khải Định,ETS,1,7
256.76623094188096,392.6466777997761,154171.41358720118,13.280929642860754,0.6241405698110873,Lăng vua Khải Định,ETS,1,42
256.76623094188096,392.6466777997761,154171.41358720118,13.280929642860754,0.6241405698110873,Lăng vua Khải Định,ETS,1,77
256.76623094188096,392.6466777997761,154171.41358720118,13.280929642860754,0.6241405698110873,Lăng vua Khải Định,ETS,1,99
256.76623094188096,392.6466777997761,154171.41358720118,13.280929642860754,0.6241405698110873,Lăng vua Khải Định,ETS,1,123
256.76623094188096,392.6466777997761,154171.41358720118,13.280929642860754,0.6241405698110873,Lăng vua Khải Định,ETS,1,256
256.76623094188096,392.6466777997761,154171.41358720118,13.280929642860754,0.6241405698110873,Lăng vua Khải Định,ETS,1,512
256.76623094188096,392.6466777997761,154171.41358720118,13.280929642860754,0.6241405698110873,Lăng vua Khải Định,ETS,1,2024
256.76623094188096,392.6466777997761,154171.41358720118,13.280929642860754,0.6241405698110873,Lăng vua Khải Định,ETS,1,2025
465.60591447185055,769.611363188191,592301.6503483857,25.37925169444418,-0.4429600149429753,Lăng vua Khải Định,ETS,7,1
465.60591447185055,769.611363188191,592301.6503483857,25.37925169444418,-0.4429600149429753,Lăng vua Khải Định,ETS,7,7
465.60591447185055,769.611363188191,592301.6503483857,25.37925169444418,-0.4429600149429753,Lăng vua Khải Định,ETS,7,42
465.60591447185055,769.611363188191,592301.6503483857,25.37925169444418,-0.4429600149429753,Lăng vua Khải Định,ETS,7,77
465.60591447185055,769.611363188191,592301.6503483857,25.37925169444418,-0.4429600149429753,Lăng vua Khải Định,ETS,7,99
465.60591447185055,769.611363188191,592301.6503483857,25.37925169444418,-0.4429600149429753,Lăng vua Khải Định,ETS,7,123
465.60591447185055,769.611363188191,592301.6503483857,25.37925169444418,-0.4429600149429753,Lăng vua Khải Định,ETS,7,256
465.60591447185055,769.611363188191,592301.6503483857,25.37925169444418,-0.4429600149429753,Lăng vua Khải Định,ETS,7,512
465.60591447185055,769.611363188191,592301.6503483857,25.37925169444418,-0.4429600149429753,Lăng vua Khải Định,ETS,7,2024
465.60591447185055,769.611363188191,592301.6503483857,25.37925169444418,-0.4429600149429753,Lăng vua Khải Định,ETS,7,2025
743.6425537506017,1001.9403878573775,1003884.5408197921,42.66801645724487,-1.653316367131965,Lăng vua Khải Định,ETS,30,1
743.6425537506017,1001.9403878573775,1003884.5408197921,42.66801645724487,-1.653316367131965,Lăng vua Khải Định,ETS,30,7
743.6425537506017,1001.9403878573775,1003884.5408197921,42.66801645724487,-1.653316367131965,Lăng vua Khải Định,ETS,30,42
743.6425537506017,1001.9403878573775,1003884.5408197921,42.66801645724487,-1.653316367131965,Lăng vua Khải Định,ETS,30,77
743.6425537506017,1001.9403878573775,1003884.5408197921,42.66801645724487,-1.653316367131965,Lăng vua Khải Định,ETS,30,99
743.6425537506017,1001.9403878573775,1003884.5408197921,42.66801645724487,-1.653316367131965,Lăng vua Khải Định,ETS,30,123
743.6425537506017,1001.9403878573775,1003884.5408197921,42.66801645724487,-1.653316367131965,Lăng vua Khải Định,ETS,30,256
743.6425537506017,1001.9403878573775,1003884.5408197921,42.66801645724487,-1.653316367131965,Lăng vua Khải Định,ETS,30,512
743.6425537506017,1001.9403878573775,1003884.5408197921,42.66801645724487,-1.653316367131965,Lăng vua Khải Định,ETS,30,2024
743.6425537506017,1001.9403878573775,1003884.5408197921,42.66801645724487,-1.653316367131965,Lăng vua Khải Định,ETS,30,2025
310.0830997963123,458.6761695425885,210383.8285062614,15.923308493705449,0.48709852194097103,Lăng vua Khải Định,LSTM,1,1
332.2373262117339,489.4626571866344,239573.69278020074,16.361159468477,0.4159356163281931,Lăng vua Khải Định,LSTM,1,7
332.409311574415,495.8426937649921,245859.9769601237,16.448922516123005,0.4006100826582628,Lăng vua Khải Định,LSTM,1,42
325.6583926147933,479.5010960754943,229921.3011376004,16.172446671495432,0.4394674912609995,Lăng vua Khải Định,LSTM,1,77
327.6888816273179,484.9327794735824,235159.8006079741,16.235015773464525,0.4266963855146939,Lăng vua Khải Định,LSTM,1,99
331.1184288503962,489.43668777623253,239548.27134136934,16.354409534073273,0.41599759206864617,Lăng vua Khải Định,LSTM,1,123
329.8893894195849,488.30659423610297,238443.3299744621,16.299413995575048,0.4186913640390446,Lăng vua Khải Định,LSTM,1,256
327.974268001727,485.6512178070103,235857.10535743216,16.2153481646605,0.42499640391822824,Lăng vua Khải Định,LSTM,1,512
329.8064489189467,488.18023749043715,238319.9442762196,16.32422436414053,0.4189921699871503,Lăng vua Khải Định,LSTM,1,2024
315.68196033699144,465.23404211520324,216442.71394285068,15.696753138431108,0.47232737095526456,Lăng vua Khải Định,LSTM,1,2025
429.2892598087313,647.5404351251805,419308.615122108,22.020794677665297,-0.021515920454440396,Lăng vua Khải Định,LSTM,7,1
471.41126421441976,670.1630623216781,449118.5301003694,22.88112309673487,-0.09413857031060768,Lăng vua Khải Định,LSTM,7,7
454.1282435854821,653.1008041089588,426540.6603277685,22.582155588967183,-0.03913456469068399,Lăng vua Khải Định,LSTM,7,42
461.56257289823384,658.874899819779,434116.13361252384,22.790034925223516,-0.05758986536009969,Lăng vua Khải Định,LSTM,7,77
460.6211330848744,655.0309366739998,429065.5280000175,22.991418280349016,-0.0452856248674276,Lăng vua Khải Định,LSTM,7,99
465.67219882031407,661.1927371187132,437175.8356185359,22.964415618812378,-0.06504388418601281,Lăng vua Khải Định,LSTM,7,123
463.02292004252683,659.4587837740821,434885.88749679155,22.821044678083403,-0.059465132929744424,Lăng vua Khải Định,LSTM,7,256
460.2341682618148,658.229422433527,433265.9725571745,22.679328173303688,-0.05551871055509583,Lăng vua Khải Định,LSTM,7,512
461.267859256009,659.9271807411449,435503.8838809557,22.70667982337947,-0.06097069022677992,Lăng vua Khải Định,LSTM,7,2024
475.01883088090034,682.0851505489438,465240.1525993754,22.758491226408097,-0.1334139237194456,Lăng vua Khải Định,LSTM,7,2025
537.6420043504993,699.5918373622617,489428.73890390515,26.866848729338734,-0.29358430245177236,Lăng vua Khải Định,LSTM,30,1
526.8939007154378,699.1196168223116,488768.2386257758,25.412024445424734,-0.2918385676314865,Lăng vua Khải Định,LSTM,30,7
511.57185873661837,675.728338941424,456608.78804853605,25.35765207023053,-0.2068395531981333,Lăng vua Khải Định,LSTM,30,42
516.223230850899,682.1278566660465,465298.41283981444,25.400433206272478,-0.2298066602163431,Lăng vua Khải Định,LSTM,30,77
507.6992306111784,672.4925014552136,452246.16451349045,25.198556751386498,-0.19530892396888078,Lăng vua Khải Định,LSTM,30,99
513.6953030380961,682.4709518242213,465766.6000838586,25.160154043530746,-0.23104410219995053,Lăng vua Khải Định,LSTM,30,123
509.32187205230065,676.229421543799,457286.230561461,25.170360555620917,-0.2086300671808139,Lăng vua Khải Định,LSTM,30,256
513.2300094054833,679.8237245059178,462160.29640109796,25.299028674713174,-0.22151246365264998,Lăng vua Khải Định,LSTM,30,512
521.0019399139599,689.995857958221,476094.28399950144,25.367879857176096,-0.2583406802960362,Lăng vua Khải Định,LSTM,30,2024
596.267122202106,779.1720862935593,607109.140059058,27.411427634245328,-0.6046194083620977,Lăng vua Khải Định,LSTM,30,2025
245.67308186598868,353.0459999591867,124641.47808718205,12.680009598751688,0.7170932367242557,Lăng vua Khải Định,RF,1,1
243.50830645947727,350.9320378877089,123153.29521602034,12.610108475235718,0.720471060910104,Lăng vua Khải Định,RF,1,7
244.5125617393923,355.3132640010766,126247.51557509878,12.582653869714399,0.7134479103499309,Lăng vua Khải Định,RF,1,42
243.86551725020135,351.00186811923396,123202.31142319212,12.577985705210542,0.7203598056784442,Lăng vua Khải Định,RF,1,77
243.11758897089717,345.7023063745997,119510.08463271758,12.615325766101465,0.7287402898206694,Lăng vua Khải Định,RF,1,99
245.34462499406683,352.47684337455973,124239.92511529393,12.581577236113914,0.7180046672793488,Lăng vua Khải Định,RF,1,123
246.72178241109893,354.32710959803865,125547.7005961005,12.738251024269989,0.7150363253273416,Lăng vua Khải Định,RF,1,256
241.581049090582,348.9273675161645,121750.30780176053,12.436567829505396,0.7236555114989138,Lăng vua Khải Định,RF,1,512
245.62667759794076,354.7504031792789,125847.84855586095,12.709602614178117,0.7143550602372386,Lăng vua Khải Định,RF,1,2024
242.75218368385896,354.22729922944814,125476.97951938897,12.462620373754657,0.7151968454945836,Lăng vua Khải Định,RF,1,2025
390.7112745101016,620.23451433147,384690.85276799445,18.913029277065547,0.11529139906985508,Lăng vua Khải Định,RF,7,1
393.489358422975,624.7071204197889,390258.9863031846,19.03710196829489,0.10248585510054942,Lăng vua Khải Định,RF,7,7
394.2517324409733,626.8630056637592,392957.22786980215,19.020402061901393,0.09628046314959104,Lăng vua Khải Định,RF,7,42
403.40117607279007,641.4659550204011,411478.57145023526,19.492263084575267,0.053685241951873075,Lăng vua Khải Định,RF,7,77
391.0710568201165,620.5002308795275,385020.5365215469,18.899738577650755,0.11453319530634976,Lăng vua Khải Định,RF,7,99
395.1596138767957,620.4193727796226,384920.1981202602,19.18848828822228,0.11476395266900397,Lăng vua Khải Định,RF,7,123
400.1251835844161,626.633945209719,392670.1012890971,19.53452103227116,0.09694079430557678,Lăng vua Khải Định,RF,7,256
392.0261990516498,615.7163129374566,379106.578017296,19.047224202524575,0.12813406446299247,Lăng vua Khải Định,RF,7,512
399.64838363739676,646.597172231121,418087.90313728194,19.148871850842514,0.038485159735577534,Lăng vua Khải Định,RF,7,2024
407.46788757034886,651.8949486377293,424967.0240593877,19.530204913955693,0.022664618636577427,Lăng vua Khải Định,RF,7,2025
505.58966839266185,642.490125857095,412793.56182386575,25.00016328894433,-0.09103374870136238,Lăng vua Khải Định,RF,30,1
484.7270847076199,625.1504941439413,390813.140328414,23.62817456394766,-0.03293841030446343,Lăng vua Khải Định,RF,30,7
491.84098667583385,627.3347433388556,393548.8802000278,23.977197865525426,-0.040169105750416545,Lăng vua Khải Định,RF,30,42
514.9988318748627,663.1765051669373,439803.07700543286,25.34653307558606,-0.16242122981649998,Lăng vua Khải Định,RF,30,77
501.08417247661237,643.933554880811,414650.4231014385,24.73791240531177,-0.09594152466457628,Lăng vua Khải Định,RF,30,99
518.9194729096108,660.421122772089,436156.0594035466,25.839141019954976,-0.1527819823723655,Lăng vua Khải Định,RF,30,123
523.3959126636269,668.8328833007006,447337.4257843286,25.8198707248889,-0.1823348853394744,Lăng vua Khải Định,RF,30,256
491.1154799016967,629.6517641318827,396461.34407439205,24.20010273026038,-0.047866891454159566,Lăng vua Khải Định,RF,30,512
505.9254528311685,662.1031645543968,438380.60051294666,24.319705367193777,-0.1586615542702543,Lăng vua Khải Định,RF,30,2024
502.24669075610444,652.3632324237564,425577.787018372,24.045344072951945,-0.12482308658874941,Lăng vua Khải Định,RF,30,2025
283.57487908332314,408.01917787489674,166479.64951370662,14.895681629777627,0.5941339269819974,Lăng vua Khải Định,SARIMAX,1,1
283.57487908332314,408.01917787489674,166479.64951370662,14.895681629777627,0.5941339269819974,Lăng vua Khải Định,SARIMAX,1,7
283.57487908332314,408.01917787489674,166479.64951370662,14.895681629777627,0.5941339269819974,Lăng vua Khải Định,SARIMAX,1,42
283.57487908332314,408.01917787489674,166479.64951370662,14.895681629777627,0.5941339269819974,Lăng vua Khải Định,SARIMAX,1,77
283.57487908332314,408.01917787489674,166479.64951370662,14.895681629777627,0.5941339269819974,Lăng vua Khải Định,SARIMAX,1,99
283.57487908332314,408.01917787489674,166479.64951370662,14.895681629777627,0.5941339269819974,Lăng vua Khải Định,SARIMAX,1,123
283.57487908332314,408.01917787489674,166479.64951370662,14.895681629777627,0.5941339269819974,Lăng vua Khải Định,SARIMAX,1,256
283.57487908332314,408.01917787489674,166479.64951370662,14.895681629777627,0.5941339269819974,Lăng vua Khải Định,SARIMAX,1,512
283.57487908332314,408.01917787489674,166479.64951370662,14.895681629777627,0.5941339269819974,Lăng vua Khải Định,SARIMAX,1,2024
283.57487908332314,408.01917787489674,166479.64951370662,14.895681629777627,0.5941339269819974,Lăng vua Khải Định,SARIMAX,1,2025
453.1061195820573,652.362049603255,425576.2437625597,23.67820231816036,-0.036785061628306304,Lăng vua Khải Định,SARIMAX,7,1
453.1061195820573,652.362049603255,425576.2437625597,23.67820231816036,-0.036785061628306304,Lăng vua Khải Định,SARIMAX,7,7
453.1061195820573,652.362049603255,425576.2437625597,23.67820231816036,-0.036785061628306304,Lăng vua Khải Định,SARIMAX,7,42
453.1061195820573,652.362049603255,425576.2437625597,23.67820231816036,-0.036785061628306304,Lăng vua Khải Định,SARIMAX,7,77
453.1061195820573,652.362049603255,425576.2437625597,23.67820231816036,-0.036785061628306304,Lăng vua Khải Định,SARIMAX,7,99
453.1061195820573,652.362049603255,425576.2437625597,23.67820231816036,-0.036785061628306304,Lăng vua Khải Định,SARIMAX,7,123
453.1061195820573,652.362049603255,425576.2437625597,23.67820231816036,-0.036785061628306304,Lăng vua Khải Định,SARIMAX,7,256
453.1061195820573,652.362049603255,425576.2437625597,23.67820231816036,-0.036785061628306304,Lăng vua Khải Định,SARIMAX,7,512
453.1061195820573,652.362049603255,425576.2437625597,23.67820231816036,-0.036785061628306304,Lăng vua Khải Định,SARIMAX,7,2024
453.1061195820573,652.362049603255,425576.2437625597,23.67820231816036,-0.036785061628306304,Lăng vua Khải Định,SARIMAX,7,2025
569.5522340741423,718.9653422080789,516911.16329638,29.182023702675753,-0.36622170594189174,Lăng vua Khải Định,SARIMAX,30,1
569.5522340741423,718.9653422080789,516911.16329638,29.182023702675753,-0.36622170594189174,Lăng vua Khải Định,SARIMAX,30,7
569.5522340741423,718.9653422080789,516911.16329638,29.182023702675753,-0.36622170594189174,Lăng vua Khải Định,SARIMAX,30,42
569.5522340741423,718.9653422080789,516911.16329638,29.182023702675753,-0.36622170594189174,Lăng vua Khải Định,SARIMAX,30,77
569.5522340741423,718.9653422080789,516911.16329638,29.182023702675753,-0.36622170594189174,Lăng vua Khải Định,SARIMAX,30,99
569.5522340741423,718.9653422080789,516911.16329638,29.182023702675753,-0.36622170594189174,Lăng vua Khải Định,SARIMAX,30,123
569.5522340741423,718.9653422080789,516911.16329638,29.182023702675753,-0.36622170594189174,Lăng vua Khải Định,SARIMAX,30,256
569.5522340741423,718.9653422080789,516911.16329638,29.182023702675753,-0.36622170594189174,Lăng vua Khải Định,SARIMAX,30,512
569.5522340741423,718.9653422080789,516911.16329638,29.182023702675753,-0.36622170594189174,Lăng vua Khải Định,SARIMAX,30,2024
569.5522340741423,718.9653422080789,516911.16329638,29.182023702675753,-0.36622170594189174,Lăng vua Khải Định,SARIMAX,30,2025
444.9285714285715,752.7242997463092,566593.8714285714,23.84341305224442,-0.3813173577942217,Lăng vua Khải Định,SeasonalNaive7,1,1
444.9285714285715,752.7242997463092,566593.8714285714,23.84341305224442,-0.3813173577942217,Lăng vua Khải Định,SeasonalNaive7,1,7
444.9285714285715,752.7242997463092,566593.8714285714,23.84341305224442,-0.3813173577942217,Lăng vua Khải Định,SeasonalNaive7,1,42
444.9285714285715,752.7242997463092,566593.8714285714,23.84341305224442,-0.3813173577942217,Lăng vua Khải Định,SeasonalNaive7,1,77
444.9285714285715,752.7242997463092,566593.8714285714,23.84341305224442,-0.3813173577942217,Lăng vua Khải Định,SeasonalNaive7,1,99
444.9285714285715,752.7242997463092,566593.8714285714,23.84341305224442,-0.3813173577942217,Lăng vua Khải Định,SeasonalNaive7,1,123
444.9285714285715,752.7242997463092,566593.8714285714,23.84341305224442,-0.3813173577942217,Lăng vua Khải Định,SeasonalNaive7,1,256
444.9285714285715,752.7242997463092,566593.8714285714,23.84341305224442,-0.3813173577942217,Lăng vua Khải Định,SeasonalNaive7,1,512
444.9285714285715,752.7242997463092,566593.8714285714,23.84341305224442,-0.3813173577942217,Lăng vua Khải Định,SeasonalNaive7,1,2024
444.9285714285715,752.7242997463092,566593.8714285714,23.84341305224442,-0.3813173577942217,Lăng vua Khải Định,SeasonalNaive7,1,2025
453.7647058823531,763.1561464874462,582407.3039215684,24.228478983120805,-0.41885549613994066,Lăng vua Khải Định,SeasonalNaive7,7,1
453.7647058823531,763.1561464874462,582407.3039215684,24.228478983120805,-0.41885549613994066,Lăng vua Khải Định,SeasonalNaive7,7,7
453.7647058823531,763.1561464874462,582407.3039215684,24.228478983120805,-0.41885549613994066,Lăng vua Khải Định,SeasonalNaive7,7,42
453.7647058823531,763.1561464874462,582407.3039215684,24.228478983120805,-0.41885549613994066,Lăng vua Khải Định,SeasonalNaive7,7,77
453.7647058823531,763.1561464874462,582407.3039215684,24.228478983120805,-0.41885549613994066,Lăng vua Khải Định,SeasonalNaive7,7,99
453.7647058823531,763.1561464874462,582407.3039215684,24.228478983120805,-0.41885549613994066,Lăng vua Khải Định,SeasonalNaive7,7,123
453.7647058823531,763.1561464874462,582407.3039215684,24.228478983120805,-0.41885549613994066,Lăng vua Khải Định,SeasonalNaive7,7,256
453.7647058823531,763.1561464874462,582407.3039215684,24.228478983120805,-0.41885549613994066,Lăng vua Khải Định,SeasonalNaive7,7,512
453.7647058823531,763.1561464874462,582407.3039215684,24.228478983120805,-0.41885549613994066,Lăng vua Khải Định,SeasonalNaive7,7,2024
453.7647058823531,763.1561464874462,582407.3039215684,24.228478983120805,-0.41885549613994066,Lăng vua Khải Định,SeasonalNaive7,7,2025
651.232044198895,838.3117110370572,702766.5248618785,33.71138388687092,-0.8574465955674098,Lăng vua Khải Định,SeasonalNaive7,30,1
651.232044198895,838.3117110370572,702766.5248618785,33.71138388687092,-0.8574465955674098,Lăng vua Khải Định,SeasonalNaive7,30,7
651.232044198895,838.3117110370572,702766.5248618785,33.71138388687092,-0.8574465955674098,Lăng vua Khải Định,SeasonalNaive7,30,42
651.232044198895,838.3117110370572,702766.5248618785,33.71138388687092,-0.8574465955674098,Lăng vua Khải Định,SeasonalNaive7,30,77
651.232044198895,838.3117110370572,702766.5248618785,33.71138388687092,-0.8574465955674098,Lăng vua Khải Định,SeasonalNaive7,30,99
651.232044198895,838.3117110370572,702766.5248618785,33.71138388687092,-0.8574465955674098,Lăng vua Khải Định,SeasonalNaive7,30,123
651.232044198895,838.3117110370572,702766.5248618785,33.71138388687092,-0.8574465955674098,Lăng vua Khải Định,SeasonalNaive7,30,256
651.232044198895,838.3117110370572,702766.5248618785,33.71138388687092,-0.8574465955674098,Lăng vua Khải Định,SeasonalNaive7,30,512
651.232044198895,838.3117110370572,702766.5248618785,33.71138388687092,-0.8574465955674098,Lăng vua Khải Định,SeasonalNaive7,30,2024
651.232044198895,838.3117110370572,702766.5248618785,33.71138388687092,-0.8574465955674098,Lăng vua Khải Định,SeasonalNaive7,30,2025
357.68761262840985,469.3781934273601,220315.88846513224,21.915423299682033,0.4999348863602713,Lăng vua Khải Định,TFT,1,1
329.35917132467193,435.66477192736767,189803.7934985253,18.92677592545532,0.5691901468099836,Lăng vua Khải Định,TFT,1,7
427.8414266175328,543.0951190724973,294952.30836036993,24.57365915084736,0.3305278133770563,Lăng vua Khải Định,TFT,1,42
341.63535776717885,454.2434384930739,206337.101414011,21.085955788478355,0.5316634365976766,Lăng vua Khải Định,TFT,1,77
332.1467001899171,454.713218494937,206764.11107402432,19.412253688253628,0.5306942253635372,Lăng vua Khải Định,TFT,1,99
328.3730758751295,467.5596372833387,218612.01441652726,19.016941991764583,0.503802278656303,Lăng vua Khải Định,TFT,1,123
276.1831095152797,392.6464433869627,154171.2295044313,16.782429106821013,0.6500676644829839,Lăng vua Khải Định,TFT,1,256
273.7971117219872,352.78906383975703,124460.12356493215,16.95646039539099,0.7175048687241528,Lăng vua Khải Định,TFT,1,512
320.56971766013464,420.500968605305,176821.06459799968,20.0458567921385,0.5986578799282085,Lăng vua Khải Định,TFT,1,2024
310.46084240655216,429.5796044209035,184538.63653441993,18.905629674529745,0.5811408115302135,Lăng vua Khải Định,TFT,1,2025
354.7995126629403,502.9232180702694,252931.76327415573,17.897829266300196,0.418309780939792,Lăng vua Khải Định,TFT,7,1
303.6534427200233,403.0435858062984,162444.132059599,17.21948269402841,0.6264124302159222,Lăng vua Khải Định,TFT,7,7
404.4207837858253,526.5633338483162,277268.9445534533,23.8186616310627,0.3623393479407623,Lăng vua Khải Định,TFT,7,42
345.13303438471166,448.86371996329666,201478.6390992888,20.768373516345264,0.5366412181826866,Lăng vua Khải Định,TFT,7,77
312.1014121039796,423.5283228122415,179376.24022415024,18.299491810215084,0.5874721184895803,Lăng vua Khải Định,TFT,7,99
295.34462809694406,376.8230520201309,141995.61253376625,17.47535312718563,0.6734397535084332,Lăng vua Khải Định,TFT,7,123
272.7252851454593,353.5307457475013,124983.98818878442,17.00645269910269,0.7125629358391419,Lăng vua Khải Định,TFT,7,256
276.94944265797653,354.7073795920556,125817.32513706262,16.84141557242435,0.7106464349389783,Lăng vua Khải Định,TFT,7,512
348.63971318197514,437.1118176573655,191066.74113572598,21.568533916243428,0.5605864084935321,Lăng vua Khải Định,TFT,7,2024
331.52294719548513,425.06832338468547,180683.07954506757,20.96966810224746,0.584466661045167,Lăng vua Khải Định,TFT,7,2025
342.2392348821651,434.01709632291573,188370.8399005751,18.008957714182287,0.5021265770360023,Lăng vua Khải Định,TFT,30,1
427.6993637506474,524.2060111546014,274791.94213061803,22.19284343799614,0.2737113403342749,Lăng vua Khải Định,TFT,30,7
425.14955097008806,527.1325979947482,277868.7758686927,23.82952548026474,0.2655791169717052,Lăng vua Khải Định,TFT,30,42
396.4056605555076,528.7835315012733,279612.0231869581,23.464396171125156,0.2609716283079836,Lăng vua Khải Định,TFT,30,77
296.1272289634409,391.2348449365908,153064.70389255823,15.93497688122009,0.5954424363018087,Lăng vua Khải Định,TFT,30,99
274.8603090739382,347.27146225214767,120597.46849474484,15.329127236571516,0.6812549412002268,Lăng vua Khải Định,TFT,30,123
332.514133853807,415.61491907057655,172735.7609540419,20.668357575881654,0.5434508620343146,Lăng vua Khải Định,TFT,30,256
311.4594767027797,384.4041339390318,147766.5381894171,18.802658111649,0.6094457496354734,Lăng vua Khải Định,TFT,30,512
342.3233231180939,415.2345922034638,172419.7665623769,20.537389730501694,0.5442860508007856,Lăng vua Khải Định,TFT,30,2024
373.308997728548,467.4668565610661,218525.26198308435,22.560391492312444,0.42242695183050794,Lăng vua Khải Định,TFT,30,2025
155.18397062848624,249.24254226590452,62121.844875171206,18.438095236804365,0.4316671692565214,Lăng vua Minh Mạng,ARIMAX,1,1
155.18397062848624,249.24254226590452,62121.844875171206,18.438095236804365,0.4316671692565214,Lăng vua Minh Mạng,ARIMAX,1,7
155.18397062848624,249.24254226590452,62121.844875171206,18.438095236804365,0.4316671692565214,Lăng vua Minh Mạng,ARIMAX,1,42
155.18397062848624,249.24254226590452,62121.844875171206,18.438095236804365,0.4316671692565214,Lăng vua Minh Mạng,ARIMAX,1,77
155.18397062848624,249.24254226590452,62121.844875171206,18.438095236804365,0.4316671692565214,Lăng vua Minh Mạng,ARIMAX,1,99
155.18397062848624,249.24254226590452,62121.844875171206,18.438095236804365,0.4316671692565214,Lăng vua Minh Mạng,ARIMAX,1,123
155.18397062848624,249.24254226590452,62121.844875171206,18.438095236804365,0.4316671692565214,Lăng vua Minh Mạng,ARIMAX,1,256
155.18397062848624,249.24254226590452,62121.844875171206,18.438095236804365,0.4316671692565214,Lăng vua Minh Mạng,ARIMAX,1,512
155.18397062848624,249.24254226590452,62121.844875171206,18.438095236804365,0.4316671692565214,Lăng vua Minh Mạng,ARIMAX,1,2024
155.18397062848624,249.24254226590452,62121.844875171206,18.438095236804365,0.4316671692565214,Lăng vua Minh Mạng,ARIMAX,1,2025
262.12669800935015,380.43197095317316,144728.484523316,27.893733008936344,-0.3291952268466187,Lăng vua Minh Mạng,ARIMAX,7,1
262.12669800935015,380.43197095317316,144728.484523316,27.893733008936344,-0.3291952268466187,Lăng vua Minh Mạng,ARIMAX,7,7
262.12669800935015,380.43197095317316,144728.484523316,27.893733008936344,-0.3291952268466187,Lăng vua Minh Mạng,ARIMAX,7,42
262.12669800935015,380.43197095317316,144728.484523316,27.893733008936344,-0.3291952268466187,Lăng vua Minh Mạng,ARIMAX,7,77
262.12669800935015,380.43197095317316,144728.484523316,27.893733008936344,-0.3291952268466187,Lăng vua Minh Mạng,ARIMAX,7,99
262.12669800935015,380.43197095317316,144728.484523316,27.893733008936344,-0.3291952268466187,Lăng vua Minh Mạng,ARIMAX,7,123
262.12669800935015,380.43197095317316,144728.484523316,27.893733008936344,-0.3291952268466187,Lăng vua Minh Mạng,ARIMAX,7,256
262.12669800935015,380.43197095317316,144728.484523316,27.893733008936344,-0.3291952268466187,Lăng vua Minh Mạng,ARIMAX,7,512
262.12669800935015,380.43197095317316,144728.484523316,27.893733008936344,-0.3291952268466187,Lăng vua Minh Mạng,ARIMAX,7,2024
262.12669800935015,380.43197095317316,144728.484523316,27.893733008936344,-0.3291952268466187,Lăng vua Minh Mạng,ARIMAX,7,2025
325.12196422283824,427.1846831665753,182486.75353212736,34.27216269558142,-0.9294229452916418,Lăng vua Minh Mạng,ARIMAX,30,1
325.12196422283824,427.1846831665753,182486.75353212736,34.27216269558142,-0.9294229452916418,Lăng vua Minh Mạng,ARIMAX,30,7
325.12196422283824,427.1846831665753,182486.75353212736,34.27216269558142,-0.9294229452916418,Lăng vua Minh Mạng,ARIMAX,30,42
325.12196422283824,427.1846831665753,182486.75353212736,34.27216269558142,-0.9294229452916418,Lăng vua Minh Mạng,ARIMAX,30,77
325.12196422283824,427.1846831665753,182486.75353212736,34.27216269558142,-0.9294229452916418,Lăng vua Minh Mạng,ARIMAX,30,99
325.12196422283824,427.1846831665753,182486.75353212736,34.27216269558142,-0.9294229452916418,Lăng vua Minh Mạng,ARIMAX,30,123
325.12196422283824,427.1846831665753,182486.75353212736,34.27216269558142,-0.9294229452916418,Lăng vua Minh Mạng,ARIMAX,30,256
325.12196422283824,427.1846831665753,182486.75353212736,34.27216269558142,-0.9294229452916418,Lăng vua Minh Mạng,ARIMAX,30,512
325.12196422283824,427.1846831665753,182486.75353212736,34.27216269558142,-0.9294229452916418,Lăng vua Minh Mạng,ARIMAX,30,2024
325.12196422283824,427.1846831665753,182486.75353212736,34.27216269558142,-0.9294229452916418,Lăng vua Minh Mạng,ARIMAX,30,2025
150.98146628049633,230.13738300182763,52963.215054929904,18.332572197921195,0.4624608514013784,Lăng vua Minh Mạng,DLM,1,1
133.87419752485033,206.65671064194402,42706.99605334818,16.327847664593182,0.5665542155265246,Lăng vua Minh Mạng,DLM,1,7
147.65674683832555,233.77380892020454,54650.19373706031,17.820133299568862,0.44533921172078283,Lăng vua Minh Mạng,DLM,1,42
145.512121925373,216.42062632770475,46837.887500076016,18.811202621056776,0.5246285909411508,Lăng vua Minh Mạng,DLM,1,77
154.01704083796196,243.07280586895703,59084.38895300768,17.928081641221468,0.4003352685381726,Lăng vua Minh Mạng,DLM,1,99
144.23825508435272,213.6474810551297,45645.246161202005,17.89422989560286,0.5367330564502208,Lăng vua Minh Mạng,DLM,1,123
148.59102276719236,233.16131182816733,54364.197333431875,17.45364371298289,0.44824187280639205,Lăng vua Minh Mạng,DLM,1,256
147.52253950626368,232.9682008391235,54274.18260221819,17.587840509857763,0.4491554586211458,Lăng vua Minh Mạng,DLM,1,512
138.771333558582,215.37484336655768,46386.32315516926,16.961306219191354,0.5292116494516079,Lăng vua Minh Mạng,DLM,1,2024
140.6895047539019,211.1351556182078,44578.053937924815,17.665195298223267,0.5475643022213948,Lăng vua Minh Mạng,DLM,1,2025
204.56810888679868,330.28929642975595,109091.01933606318,23.93635189633843,-0.09144340107090354,Lăng vua Minh Mạng,DLM,7,1
196.78766698354872,314.6021086234211,98974.48675030285,23.08017437243104,0.009771371690842523,Lăng vua Minh Mạng,DLM,7,7
210.7307272025213,344.24265819965274,118503.00772436295,24.89905693128488,-0.18560928823453948,Lăng vua Minh Mạng,DLM,7,42
217.83097489554055,331.5063274619004,109896.44514727674,28.166528164998272,-0.09950159588887608,Lăng vua Minh Mạng,DLM,7,77
224.47430408070431,348.03514049775015,121128.45902128868,24.79453739705177,-0.2118766337071778,Lăng vua Minh Mạng,DLM,7,99
199.90691578026014,324.05641668566227,105012.56119515157,23.790629067879394,-0.05063888524977078,Lăng vua Minh Mạng,DLM,7,123
220.76482753112995,349.69075821948843,122283.62638412071,24.66580868205105,-0.22343395348445005,Lăng vua Minh Mạng,DLM,7,256
206.30374047708574,334.31881322714435,111769.06887760622,23.557051044133495,-0.11823698607585942,Lăng vua Minh Mạng,DLM,7,512
195.59870626390762,323.33392421936634,104544.82655109493,23.070157535127898,-0.04595925264742773,Lăng vua Minh Mạng,DLM,7,2024
195.75906215202477,319.1731370948079,101871.49144294101,23.816593281775955,-0.019212835019251973,Lăng vua Minh Mạng,DLM,7,2025
263.3243610366612,401.0265079455787,160822.2600750253,28.96239911062734,-0.7003653837689949,Lăng vua Minh Mạng,DLM,30,1
249.84006753313145,354.0017891709225,125317.26673621427,29.70152349986049,-0.32497293749881373,Lăng vua Minh Mạng,DLM,30,7
319.21987533790224,447.2362522021222,200020.26528380028,34.22932951352739,-1.1148038522913524,Lăng vua Minh Mạng,DLM,30,42
328.7840499950253,422.84258700943343,178795.85338883026,45.98450557234672,-0.8903992502155831,Lăng vua Minh Mạng,DLM,30,77
401.02178020443534,501.77071313179533,251773.84855679047,44.61142520401877,-1.6619917940746953,Lăng vua Minh Mạng,DLM,30,99
269.17469690538695,373.5965830225495,139574.4068461247,31.232760579821182,-0.47571293768987477,Lăng vua Minh Mạng,DLM,30,123
497.1122089118286,580.7911040652797,337318.30656136654,56.04883162418967,-2.5664488953267512,Lăng vua Minh Mạng,DLM,30,256
317.3856011591943,431.85855947364,186501.81539064745,34.19624699135378,-0.9718739853077059,Lăng vua Minh Mạng,DLM,30,512
265.3229916861271,388.72636911542065,151108.19004565827,31.474005858457126,-0.5976590270386644,Lăng vua Minh Mạng,DLM,30,2024
217.76857342829686,337.3880297678346,113830.68263062125,24.85075256373697,-0.20352588171319108,Lăng vua Minh Mạng,DLM,30,2025
135.6659024982087,227.2910440297439,51661.21869613097,16.934902710298534,0.4756751929677169,Lăng vua Minh Mạng,ETS,1,1
135.6659024982087,227.2910440297439,51661.21869613097,16.934902710298534,0.4756751929677169,Lăng vua Minh Mạng,ETS,1,7
135.6659024982087,227.2910440297439,51661.21869613097,16.934902710298534,0.4756751929677169,Lăng vua Minh Mạng,ETS,1,42
135.6659024982087,227.2910440297439,51661.21869613097,16.934902710298534,0.4756751929677169,Lăng vua Minh Mạng,ETS,1,77
135.6659024982087,227.2910440297439,51661.21869613097,16.934902710298534,0.4756751929677169,Lăng vua Minh Mạng,ETS,1,99
135.6659024982087,227.2910440297439,51661.21869613097,16.934902710298534,0.4756751929677169,Lăng vua Minh Mạng,ETS,1,123
135.6659024982087,227.2910440297439,51661.21869613097,16.934902710298534,0.4756751929677169,Lăng vua Minh Mạng,ETS,1,256
135.6659024982087,227.2910440297439,51661.21869613097,16.934902710298534,0.4756751929677169,Lăng vua Minh Mạng,ETS,1,512
135.6659024982087,227.2910440297439,51661.21869613097,16.934902710298534,0.4756751929677169,Lăng vua Minh Mạng,ETS,1,2024
135.6659024982087,227.2910440297439,51661.21869613097,16.934902710298534,0.4756751929677169,Lăng vua Minh Mạng,ETS,1,2025
214.83948684728028,376.3335504548484,141626.94119795194,27.621778939588282,-0.4169616465693924,Lăng vua Minh Mạng,ETS,7,1
214.83948684728028,376.3335504548484,141626.94119795194,27.621778939588282,-0.4169616465693924,Lăng vua Minh Mạng,ETS,7,7
214.83948684728028,376.3335504548484,141626.94119795194,27.621778939588282,-0.4169616465693924,Lăng vua Minh Mạng,ETS,7,42
214.83948684728028,376.3335504548484,141626.94119795194,27.621778939588282,-0.4169616465693924,Lăng vua Minh Mạng,ETS,7,77
214.83948684728028,376.3335504548484,141626.94119795194,27.621778939588282,-0.4169616465693924,Lăng vua Minh Mạng,ETS,7,99
214.83948684728028,376.3335504548484,141626.94119795194,27.621778939588282,-0.4169616465693924,Lăng vua Minh Mạng,ETS,7,123
214.83948684728028,376.3335504548484,141626.94119795194,27.621778939588282,-0.4169616465693924,Lăng vua Minh Mạng,ETS,7,256
214.83948684728028,376.3335504548484,141626.94119795194,27.621778939588282,-0.4169616465693924,Lăng vua Minh Mạng,ETS,7,512
214.83948684728028,376.3335504548484,141626.94119795194,27.621778939588282,-0.4169616465693924,Lăng vua Minh Mạng,ETS,7,2024
214.83948684728028,376.3335504548484,141626.94119795194,27.621778939588282,-0.4169616465693924,Lăng vua Minh Mạng,ETS,7,2025
323.6287665730675,468.21299131252465,219223.4052338223,44.362377216584505,-1.3178376513155436,Lăng vua Minh Mạng,ETS,30,1
323.6287665730675,468.21299131252465,219223.4052338223,44.362377216584505,-1.3178376513155436,Lăng vua Minh Mạng,ETS,30,7
323.6287665730675,468.21299131252465,219223.4052338223,44.362377216584505,-1.3178376513155436,Lăng vua Minh Mạng,ETS,30,42
323.6287665730675,468.21299131252465,219223.4052338223,44.362377216584505,-1.3178376513155436,Lăng vua Minh Mạng,ETS,30,77
323.6287665730675,468.21299131252465,219223.4052338223,44.362377216584505,-1.3178376513155436,Lăng vua Minh Mạng,ETS,30,99
323.6287665730675,468.21299131252465,219223.4052338223,44.362377216584505,-1.3178376513155436,Lăng vua Minh Mạng,ETS,30,123
323.6287665730675,468.21299131252465,219223.4052338223,44.362377216584505,-1.3178376513155436,Lăng vua Minh Mạng,ETS,30,256
323.6287665730675,468.21299131252465,219223.4052338223,44.362377216584505,-1.3178376513155436,Lăng vua Minh Mạng,ETS,30,512
323.6287665730675,468.21299131252465,219223.4052338223,44.362377216584505,-1.3178376513155436,Lăng vua Minh Mạng,ETS,30,2024
323.6287665730675,468.21299131252465,219223.4052338223,44.362377216584505,-1.3178376513155436,Lăng vua Minh Mạng,ETS,30,2025
154.28205383552708,250.82661130840881,62913.9889404596,18.45239143205169,0.36146753902830053,Lăng vua Minh Mạng,LSTM,1,1
158.45605987309852,257.4391912823671,66274.9372081192,19.04143110355494,0.3273562927905481,Lăng vua Minh Mạng,LSTM,1,7
159.6328960494832,260.713139826477,67971.34127818015,19.09622049949221,0.31013899209318563,Lăng vua Minh Mạng,LSTM,1,42
158.5604952190975,254.17025190208815,64602.51695197095,18.806649210409574,0.34433017475101146,Lăng vua Minh Mạng,LSTM,1,77
156.52229943880423,254.19886297080907,64617.061935652164,18.89798907295447,0.34418255346072024,Lăng vua Minh Mạng,LSTM,1,99
159.90150479775735,260.8827226707702,68059.79498811398,19.09620595987725,0.3092412495396246,Lăng vua Minh Mạng,LSTM,1,123
164.04304574065287,267.4764421096417,71543.64708363252,19.432846080843767,0.2738826164331125,Lăng vua Minh Mạng,LSTM,1,256
152.05401069920424,246.3407564531858,60683.76828992781,18.282742610767315,0.3841027002138626,Lăng vua Minh Mạng,LSTM,1,512
159.26303320437805,259.87444347068106,67534.72636919621,19.09138042517534,0.3145703244093466,Lăng vua Minh Mạng,LSTM,1,2024
157.01966683714252,252.95644693674328,63986.964046861416,18.573706751046338,0.35057760108619185,Lăng vua Minh Mạng,LSTM,1,2025
209.24831971349968,329.5853294532343,108626.48939079698,24.009207833237575,-0.08679583112017508,Lăng vua Minh Mạng,LSTM,7,1
206.53699290493964,328.55735452200304,107949.9352104972,23.939964312952643,-0.08002698250138662,Lăng vua Minh Mạng,LSTM,7,7
208.0532958187142,327.393944459733,107186.79486890273,24.4107704582968,-0.07239184905966489,Lăng vua Minh Mạng,LSTM,7,42
227.83182196692104,351.6356141665792,123647.60515030737,25.35983579549403,-0.23708040790953144,Lăng vua Minh Mạng,LSTM,7,77
207.1400129660771,328.4039144585045,107849.13103166876,24.53390375257539,-0.07901844800925084,Lăng vua Minh Mạng,LSTM,7,99
208.89872224148647,328.53199330981147,107933.27062811801,24.435255933823676,-0.07986025522557538,Lăng vua Minh Mạng,LSTM,7,123
209.3596542181833,329.8537897661902,108803.52262311797,24.179204209620025,-0.08856702873445133,Lăng vua Minh Mạng,LSTM,7,256
207.962883246958,326.6512391592631,106701.03204428211,24.20598188775171,-0.06753184653475985,Lăng vua Minh Mạng,LSTM,7,512
208.1447865834023,328.14808296754114,107681.16435527228,24.551081866168317,-0.07733796026911888,Lăng vua Minh Mạng,LSTM,7,2024
219.326015321281,342.688439093421,117435.3662882853,24.249018624584554,-0.17492765552811917,Lăng vua Minh Mạng,LSTM,7,2025
260.81019939458054,362.23683143009663,131215.52204451626,30.120724803663258,-0.3873348838250854,Lăng vua Minh Mạng,LSTM,30,1
263.0541573532227,365.101919919642,133299.4119290087,30.03907565405064,-0.4093677430917335,Lăng vua Minh Mạng,LSTM,30,7
259.7979192103324,359.02089565686754,128896.00351825937,30.606774273328934,-0.36281073519529894,Lăng vua Minh Mạng,LSTM,30,42
378.5643975633316,487.78838169081195,237937.50531254124,40.48915330937532,-1.5157008572386386,Lăng vua Minh Mạng,LSTM,30,77
262.3299857447325,361.26310413982003,130511.03041273846,30.65771512263158,-0.3798863304763693,Lăng vua Minh Mạng,LSTM,30,99
252.77902459726522,353.318277758443,124833.80539819227,29.34629650162747,-0.3198613259396943,Lăng vua Minh Mạng,LSTM,30,123
263.2820685773974,363.94693600374313,132457.3722265127,30.289412578840842,-0.40046490115172206,Lăng vua Minh Mạng,LSTM,30,256
247.7827832714403,349.08137822989534,121857.80862688323,29.100866604786706,-0.2883962669995852,Lăng vua Minh Mạng,LSTM,30,512
255.72228451864552,355.3508535544907,126274.22912190508,29.90033031067959,-0.3350908509856567,Lăng vua Minh Mạng,LSTM,30,2024
327.1853821598649,432.84116336595923,187351.47270399702,35.46748592527234,-0.9808573678507182,Lăng vua Minh Mạng,LSTM,30,2025
133.77033900103027,205.73002517487132,42324.843258453184,16.568660467166264,0.6127835863827532,Lăng vua Minh Mạng,RF,1,1
134.78147206902153,207.35164416127972,42994.70433638597,16.72903943049913,0.6066552422649729,Lăng vua Minh Mạng,RF,1,7
133.4054789126346,207.09851543781343,42889.795096546244,16.53347156068988,0.6076150232465111,Lăng vua Minh Mạng,RF,1,42
135.37363488769793,206.2617413865415,42543.90595980853,16.687359774217214,0.6107794520010108,Lăng vua Minh Mạng,RF,1,77
134.41003856596652,207.03415534441763,42863.141479176455,16.634333451842917,0.6078588686416336,Lăng vua Minh Mạng,RF,1,99
134.92726523870124,204.81902288746016,41950.83213657393,16.745094149274067,0.6162052941580826,Lăng vua Minh Mạng,RF,1,123
135.6166829751243,209.32038269430015,43815.022611288274,16.69849976301828,0.5991504135171684,Lăng vua Minh Mạng,RF,1,256
135.14074431956428,207.99143136089424,43260.435519553575,16.77985311184247,0.604224152913877,Lăng vua Minh Mạng,RF,1,512
134.23973366889817,204.92493876361084,41994.230527269654,16.69566990844045,0.6158082562033442,Lăng vua Minh Mạng,RF,1,2024
135.3586329468137,208.4171259457849,43437.69838750117,16.758156051839386,0.6026024317990453,Lăng vua Minh Mạng,RF,1,2025
177.48248747753482,272.5704362278823,74294.64270545806,22.033844487014864,0.31767347119246114,Lăng vua Minh Mạng,RF,7,1
175.02091724823663,271.00504991021506,73443.73707683815,21.439047901212177,0.32548824037064805,Lăng vua Minh Mạng,RF,7,7
174.33336865505595,267.66295445896355,71643.4571897012,21.38185080920348,0.342022120628234,Lăng vua Minh Mạng,RF,7,42
180.57423969852718,279.23721475667855,77973.42210506741,22.483763151780813,0.2838873368686774,Lăng vua Minh Mạng,RF,7,77
177.15008799347962,274.41297684689874,75302.48186197657,21.90766404711423,0.30841741492485264,Lăng vua Minh Mạng,RF,7,99
179.29144346703185,274.0165725081298,75085.08200910316,22.394846760040537,0.310414028429846,Lăng vua Minh Mạng,RF,7,123
178.0145901433756,276.55387986162395,76482.04846651753,21.847478572700158,0.2975842033033287,Lăng vua Minh Mạng,RF,7,256
178.47841198737356,273.60451731018037,74859.43189253678,22.370332834370014,0.31248641285966494,Lăng vua Minh Mạng,RF,7,512
180.55398375930739,276.3764210193875,76383.92609548576,22.70121774088945,0.2984853651420081,Lăng vua Minh Mạng,RF,7,2024
179.75838356059117,277.9046456788836,77230.99208990583,22.49508747262295,0.2907058593984385,Lăng vua Minh Mạng,RF,7,2025
229.56487376020812,300.2219952390956,90133.24642534352,29.276444314858324,0.047025877656006965,Lăng vua Minh Mạng,RF,30,1
233.21723372894127,303.3315291642536,92010.01658512442,29.759398472492766,0.027182884456599665,Lăng vua Minh Mạng,RF,30,7
232.02856290202405,300.4231573767398,90254.07348820937,29.855318638597677,0.04574837941028076,Lăng vua Minh Mạng,RF,30,42
227.69680069909285,298.67102046570153,89204.3784660235,28.91964365482909,0.05684675023535701,Lăng vua Minh Mạng,RF,30,77
222.90113018827233,295.7333354024948,87458.20566828449,28.41389706422096,0.07530894432446722,Lăng vua Minh Mạng,RF,30,99
232.7300082226788,301.74675249341743,91051.10264032373,29.782165381527854,0.03732143167631796,Lăng vua Minh Mạng,RF,30,123
231.5814649258187,302.7469081263894,91655.69038008849,29.396022609261085,0.030929156977109296,Lăng vua Minh Mạng,RF,30,256
227.18433494744622,300.5426314706498,90325.87333130279,28.98457161761015,0.04498924340697419,Lăng vua Minh Mạng,RF,30,512
229.79026006577976,299.8286977893877,89897.24801807999,29.32341476854089,0.04952107653051807,Lăng vua Minh Mạng,RF,30,2024
227.3087096907404,300.4428958098787,90265.93364262562,28.933833355319628,0.0456229826150476,Lăng vua Minh Mạng,RF,30,2025
151.59006328275962,239.79735063392536,57502.76937104975,18.888265341125717,0.41638758791891306,Lăng vua Minh Mạng,SARIMAX,1,1
151.59006328275962,239.79735063392536,57502.76937104975,18.888265341125717,0.41638758791891306,Lăng vua Minh Mạng,SARIMAX,1,7
151.59006328275962,239.79735063392536,57502.76937104975,18.888265341125717,0.41638758791891306,Lăng vua Minh Mạng,SARIMAX,1,42
151.59006328275962,239.79735063392536,57502.76937104975,18.888265341125717,0.41638758791891306,Lăng vua Minh Mạng,SARIMAX,1,77
151.59006328275962,239.79735063392536,57502.76937104975,18.888265341125717,0.41638758791891306,Lăng vua Minh Mạng,SARIMAX,1,99
151.59006328275962,239.79735063392536,57502.76937104975,18.888265341125717,0.41638758791891306,Lăng vua Minh Mạng,SARIMAX,1,123
151.59006328275962,239.79735063392536,57502.76937104975,18.888265341125717,0.41638758791891306,Lăng vua Minh Mạng,SARIMAX,1,256
151.59006328275962,239.79735063392536,57502.76937104975,18.888265341125717,0.41638758791891306,Lăng vua Minh Mạng,SARIMAX,1,512
151.59006328275962,239.79735063392536,57502.76937104975,18.888265341125717,0.41638758791891306,Lăng vua Minh Mạng,SARIMAX,1,2024
151.59006328275962,239.79735063392536,57502.76937104975,18.888265341125717,0.41638758791891306,Lăng vua Minh Mạng,SARIMAX,1,2025
209.93114444542715,329.96909539308865,108879.60391453323,25.92294006359788,-0.08932821351359732,Lăng vua Minh Mạng,SARIMAX,7,1
209.93114444542715,329.96909539308865,108879.60391453323,25.92294006359788,-0.08932821351359732,Lăng vua Minh Mạng,SARIMAX,7,7
209.93114444542715,329.96909539308865,108879.60391453323,25.92294006359788,-0.08932821351359732,Lăng vua Minh Mạng,SARIMAX,7,42
209.93114444542715,329.96909539308865,108879.60391453323,25.92294006359788,-0.08932821351359732,Lăng vua Minh Mạng,SARIMAX,7,77
209.93114444542715,329.96909539308865,108879.60391453323,25.92294006359788,-0.08932821351359732,Lăng vua Minh Mạng,SARIMAX,7,99
209.93114444542715,329.96909539308865,108879.60391453323,25.92294006359788,-0.08932821351359732,Lăng vua Minh Mạng,SARIMAX,7,123
209.93114444542715,329.96909539308865,108879.60391453323,25.92294006359788,-0.08932821351359732,Lăng vua Minh Mạng,SARIMAX,7,256
209.93114444542715,329.96909539308865,108879.60391453323,25.92294006359788,-0.08932821351359732,Lăng vua Minh Mạng,SARIMAX,7,512
209.93114444542715,329.96909539308865,108879.60391453323,25.92294006359788,-0.08932821351359732,Lăng vua Minh Mạng,SARIMAX,7,2024
209.93114444542715,329.96909539308865,108879.60391453323,25.92294006359788,-0.08932821351359732,Lăng vua Minh Mạng,SARIMAX,7,2025
267.7065348268552,361.63642883119905,130780.90665778289,32.73757732318191,-0.3827397179661425,Lăng vua Minh Mạng,SARIMAX,30,1
267.7065348268552,361.63642883119905,130780.90665778289,32.73757732318191,-0.3827397179661425,Lăng vua Minh Mạng,SARIMAX,30,7
267.7065348268552,361.63642883119905,130780.90665778289,32.73757732318191,-0.3827397179661425,Lăng vua Minh Mạng,SARIMAX,30,42
267.7065348268552,361.63642883119905,130780.90665778289,32.73757732318191,-0.3827397179661425,Lăng vua Minh Mạng,SARIMAX,30,77
267.7065348268552,361.63642883119905,130780.90665778289,32.73757732318191,-0.3827397179661425,Lăng vua Minh Mạng,SARIMAX,30,99
267.7065348268552,361.63642883119905,130780.90665778289,32.73757732318191,-0.3827397179661425,Lăng vua Minh Mạng,SARIMAX,30,123
267.7065348268552,361.63642883119905,130780.90665778289,32.73757732318191,-0.3827397179661425,Lăng vua Minh Mạng,SARIMAX,30,256
267.7065348268552,361.63642883119905,130780.90665778289,32.73757732318191,-0.3827397179661425,Lăng vua Minh Mạng,SARIMAX,30,512
267.7065348268552,361.63642883119905,130780.90665778289,32.73757732318191,-0.3827397179661425,Lăng vua Minh Mạng,SARIMAX,30,2024
267.7065348268552,361.63642883119905,130780.90665778289,32.73757732318191,-0.3827397179661425,Lăng vua Minh Mạng,SARIMAX,30,2025
215.86666666666667,392.4825261503158,154042.53333333333,27.484673966728018,-0.5634226912036238,Lăng vua Minh Mạng,SeasonalNaive7,1,1
215.86666666666667,392.4825261503158,154042.53333333333,27.484673966728018,-0.5634226912036238,Lăng vua Minh Mạng,SeasonalNaive7,1,7
215.86666666666667,392.4825261503158,154042.53333333333,27.484673966728018,-0.5634226912036238,Lăng vua Minh Mạng,SeasonalNaive7,1,42
215.86666666666667,392.4825261503158,154042.53333333333,27.484673966728018,-0.5634226912036238,Lăng vua Minh Mạng,SeasonalNaive7,1,77
215.86666666666667,392.4825261503158,154042.53333333333,27.484673966728018,-0.5634226912036238,Lăng vua Minh Mạng,SeasonalNaive7,1,99
215.86666666666667,392.4825261503158,154042.53333333333,27.484673966728018,-0.5634226912036238,Lăng vua Minh Mạng,SeasonalNaive7,1,123
215.86666666666667,392.4825261503158,154042.53333333333,27.484673966728018,-0.5634226912036238,Lăng vua Minh Mạng,SeasonalNaive7,1,256
215.86666666666667,392.4825261503158,154042.53333333333,27.484673966728018,-0.5634226912036238,Lăng vua Minh Mạng,SeasonalNaive7,1,512
215.86666666666667,392.4825261503158,154042.53333333333,27.484673966728018,-0.5634226912036238,Lăng vua Minh Mạng,SeasonalNaive7,1,2024
215.86666666666667,392.4825261503158,154042.53333333333,27.484673966728018,-0.5634226912036238,Lăng vua Minh Mạng,SeasonalNaive7,1,2025
217.0686274509804,396.13293718342663,156921.30392156861,27.417842535125065,-0.5699800285578529,Lăng vua Minh Mạng,SeasonalNaive7,7,1
217.0686274509804,396.13293718342663,156921.30392156861,27.417842535125065,-0.5699800285578529,Lăng vua Minh Mạng,SeasonalNaive7,7,7
217.0686274509804,396.13293718342663,156921.30392156861,27.417842535125065,-0.5699800285578529,Lăng vua Minh Mạng,SeasonalNaive7,7,42
217.0686274509804,396.13293718342663,156921.30392156861,27.417842535125065,-0.5699800285578529,Lăng vua Minh Mạng,SeasonalNaive7,7,77
217.0686274509804,396.13293718342663,156921.30392156861,27.417842535125065,-0.5699800285578529,Lăng vua Minh Mạng,SeasonalNaive7,7,99
217.0686274509804,396.13293718342663,156921.30392156861,27.417842535125065,-0.5699800285578529,Lăng vua Minh Mạng,SeasonalNaive7,7,123
217.0686274509804,396.13293718342663,156921.30392156861,27.417842535125065,-0.5699800285578529,Lăng vua Minh Mạng,SeasonalNaive7,7,256
217.0686274509804,396.13293718342663,156921.30392156861,27.417842535125065,-0.5699800285578529,Lăng vua Minh Mạng,SeasonalNaive7,7,512
217.0686274509804,396.13293718342663,156921.30392156861,27.417842535125065,-0.5699800285578529,Lăng vua Minh Mạng,SeasonalNaive7,7,2024
217.0686274509804,396.13293718342663,156921.30392156861,27.417842535125065,-0.5699800285578529,Lăng vua Minh Mạng,SeasonalNaive7,7,2025
305.16022099447514,430.535732053201,185361.01657458566,37.9528897773512,-0.9598123788126149,Lăng vua Minh Mạng,SeasonalNaive7,30,1
305.16022099447514,430.535732053201,185361.01657458566,37.9528897773512,-0.9598123788126149,Lăng vua Minh Mạng,SeasonalNaive7,30,7
305.16022099447514,430.535732053201,185361.01657458566,37.9528897773512,-0.9598123788126149,Lăng vua Minh Mạng,SeasonalNaive7,30,42
305.16022099447514,430.535732053201,185361.01657458566,37.9528897773512,-0.9598123788126149,Lăng vua Minh Mạng,SeasonalNaive7,30,77
305.16022099447514,430.535732053201,185361.01657458566,37.9528897773512,-0.9598123788126149,Lăng vua Minh Mạng,SeasonalNaive7,30,99
305.16022099447514,430.535732053201,185361.01657458566,37.9528897773512,-0.9598123788126149,Lăng vua Minh Mạng,SeasonalNaive7,30,123
305.16022099447514,430.535732053201,185361.01657458566,37.9528897773512,-0.9598123788126149,Lăng vua Minh Mạng,SeasonalNaive7,30,256
305.16022099447514,430.535732053201,185361.01657458566,37.9528897773512,-0.9598123788126149,Lăng vua Minh Mạng,SeasonalNaive7,30,512
305.16022099447514,430.535732053201,185361.01657458566,37.9528897773512,-0.9598123788126149,Lăng vua Minh Mạng,SeasonalNaive7,30,2024
305.16022099447514,430.535732053201,185361.01657458566,37.9528897773512,-0.9598123788126149,Lăng vua Minh Mạng,SeasonalNaive7,30,2025
160.0148799327197,221.58229634815802,49098.71405492293,21.18483726313152,0.5508116154507225,Lăng vua Minh Mạng,TFT,1,1
174.13749871859892,249.309412137782,62155.18298048645,25.290014377170465,0.4313621696254978,Lăng vua Minh Mạng,TFT,1,7
160.50686325157545,208.98901614841378,43676.40887068195,20.622385737848212,0.600418546164179,Lăng vua Minh Mạng,TFT,1,42
160.3645184764546,216.98325231690643,47081.73178602228,20.592042197407164,0.5692643392026835,Lăng vua Minh Mạng,TFT,1,77
159.9595857904761,231.9805578485838,53814.97921974014,22.318423141752632,0.507664018384932,Lăng vua Minh Mạng,TFT,1,99
161.9437131091376,234.83582532662504,55147.86485683715,22.410220800676143,0.4954698752665032,Lăng vua Minh Mạng,TFT,1,123
145.99971151615375,220.51754855236427,48627.98921954434,19.977871775481493,0.5551181259661385,Lăng vua Minh Mạng,TFT,1,256
165.59133287292818,219.6204031645932,48233.12148617846,23.256095681052596,0.5587306441893825,Lăng vua Minh Mạng,TFT,1,512
167.7119938128561,228.3599768137956,52148.27901039727,22.109306509473363,0.5229121239407148,Lăng vua Minh Mạng,TFT,1,2024
163.89268974177745,218.56107881175444,47768.94517135794,22.158419678920733,0.5629772443909078,Lăng vua Minh Mạng,TFT,1,2025
207.0846963956211,255.51855143624033,65289.73012807459,25.146408231735084,0.40037513738797026,Lăng vua Minh Mạng,TFT,7,1
161.62040128760574,234.02541202503943,54767.893473489465,23.084505715967456,0.4970083268046759,Lăng vua Minh Mạng,TFT,7,7
154.792076490202,194.40436129900928,37793.05569207574,19.241856913281236,0.6529062720492822,Lăng vua Minh Mạng,TFT,7,42
177.4813019979066,268.91666534819177,72316.17290199136,21.16185611574147,0.3358438585069531,Lăng vua Minh Mạng,TFT,7,77
160.63840345519682,227.28866661143857,51660.13797000567,20.784845973646007,0.525550142847609,Lăng vua Minh Mạng,TFT,7,99
160.87482886551493,240.37156113197798,57778.48740102423,20.232289809433485,0.4693588485997967,Lăng vua Minh Mạng,TFT,7,123
138.4417008036408,187.2391794118904,35058.510306838085,18.15560575437118,0.67802050360933,Lăng vua Minh Mạng,TFT,7,256
154.4243508017524,203.28432476847053,41324.516696573,20.69562450845181,0.620473118849115,Lăng vua Minh Mạng,TFT,7,512
175.14268636966938,263.96367756826044,69676.82307536056,21.26182975443416,0.3600838082520976,Lăng vua Minh Mạng,TFT,7,2024
154.56891762749265,203.1687165754792,41277.527394927405,19.893006776451585,0.6209046714606545,Lăng vua Minh Mạng,TFT,7,2025
280.8654405794091,330.0166442775689,108910.98550022746,32.21873212037939,-0.15151018006065398,Lăng vua Minh Mạng,TFT,30,1
147.51686155203296,200.7708095935985,40308.91798486899,19.23685414097339,0.5738159085273387,Lăng vua Minh Mạng,TFT,30,7
167.28534070431198,216.77910960144152,46993.18235959379,19.679275678098417,0.5031435292594431,Lăng vua Minh Mạng,TFT,30,42
191.75604096302013,285.13134972536204,81299.88659620672,20.96404589723176,0.1404205312868716,Lăng vua Minh Mạng,TFT,30,77
163.48591858247366,225.4182523036874,50813.388471648876,19.026398669336107,0.462752688907051,Lăng vua Minh Mạng,TFT,30,99
157.24454746983986,228.572232569866,52245.265501972906,18.23962888116565,0.44761352760536866,Lăng vua Minh Mạng,TFT,30,123
198.1836654072967,240.90796965490492,58036.64984324858,25.983689609573062,0.3863815224500312,Lăng vua Minh Mạng,TFT,30,256
144.97180074618007,189.01211693144853,35725.58034690757,17.448106660467133,0.6222752987764216,Lăng vua Minh Mạng,TFT,30,512
176.86664829991798,282.5969423516153,79861.03182648218,20.07929625431617,0.15563346786399201,Lăng vua Minh Mạng,TFT,30,2024
144.791267690079,187.56890773339137,35182.095148297485,16.901339807671505,0.6280215394888472,Lăng vua Minh Mạng,TFT,30,2025
646.94739742796,1055.7647292517715,1114639.1635320664,12.014850367161344,0.6673073296977616,Đại Nội,ARIMAX,1,1
646.94739742796,1055.7647292517715,1114639.1635320664,12.014850367161344,0.6673073296977616,Đại Nội,ARIMAX,1,7
646.94739742796,1055.7647292517715,1114639.1635320664,12.014850367161344,0.6673073296977616,Đại Nội,ARIMAX,1,42
646.94739742796,1055.7647292517715,1114639.1635320664,12.014850367161344,0.6673073296977616,Đại Nội,ARIMAX,1,77
646.94739742796,1055.7647292517715,1114639.1635320664,12.014850367161344,0.6673073296977616,Đại Nội,ARIMAX,1,99
646.94739742796,1055.7647292517715,1114639.1635320664,12.014850367161344,0.6673073296977616,Đại Nội,ARIMAX,1,123
646.94739742796,1055.7647292517715,1114639.1635320664,12.014850367161344,0.6673073296977616,Đại Nội,ARIMAX,1,256
646.94739742796,1055.7647292517715,1114639.1635320664,12.014850367161344,0.6673073296977616,Đại Nội,ARIMAX,1,512
646.94739742796,1055.7647292517715,1114639.1635320664,12.014850367161344,0.6673073296977616,Đại Nội,ARIMAX,1,2024
646.94739742796,1055.7647292517715,1114639.1635320664,12.014850367161344,0.6673073296977616,Đại Nội,ARIMAX,1,2025
1180.9258700023918,1757.4454553974297,3088614.528697079,21.74363724172316,0.06404025027782612,Đại Nội,ARIMAX,7,1
1180.9258700023918,1757.4454553974297,3088614.528697079,21.74363724172316,0.06404025027782612,Đại Nội,ARIMAX,7,7
1180.9258700023918,1757.4454553974297,3088614.528697079,21.74363724172316,0.06404025027782612,Đại Nội,ARIMAX,7,42
1180.9258700023918,1757.4454553974297,3088614.528697079,21.74363724172316,0.06404025027782612,Đại Nội,ARIMAX,7,77
1180.9258700023918,1757.4454553974297,3088614.528697079,21.74363724172316,0.06404025027782612,Đại Nội,ARIMAX,7,99
1180.9258700023918,1757.4454553974297,3088614.528697079,21.74363724172316,0.06404025027782612,Đại Nội,ARIMAX,7,123
1180.9258700023918,1757.4454553974297,3088614.528697079,21.74363724172316,0.06404025027782612,Đại Nội,ARIMAX,7,256
1180.9258700023918,1757.4454553974297,3088614.528697079,21.74363724172316,0.06404025027782612,Đại Nội,ARIMAX,7,512
1180.9258700023918,1757.4454553974297,3088614.528697079,21.74363724172316,0.06404025027782612,Đại Nội,ARIMAX,7,2024
1180.9258700023918,1757.4454553974297,3088614.528697079,21.74363724172316,0.06404025027782612,Đại Nội,ARIMAX,7,2025
1492.3603515504435,1878.488228128441,3528718.02321713,28.359236561096967,-0.3141088840429387,Đại Nội,ARIMAX,30,1
1492.3603515504435,1878.488228128441,3528718.02321713,28.359236561096967,-0.3141088840429387,Đại Nội,ARIMAX,30,7
1492.3603515504435,1878.488228128441,3528718.02321713,28.359236561096967,-0.3141088840429387,Đại Nội,ARIMAX,30,42
1492.3603515504435,1878.488228128441,3528718.02321713,28.359236561096967,-0.3141088840429387,Đại Nội,ARIMAX,30,77
1492.3603515504435,1878.488228128441,3528718.02321713,28.359236561096967,-0.3141088840429387,Đại Nội,ARIMAX,30,99
1492.3603515504435,1878.488228128441,3528718.02321713,28.359236561096967,-0.3141088840429387,Đại Nội,ARIMAX,30,123
1492.3603515504435,1878.488228128441,3528718.02321713,28.359236561096967,-0.3141088840429387,Đại Nội,ARIMAX,30,256
1492.3603515504435,1878.488228128441,3528718.02321713,28.359236561096967,-0.3141088840429387,Đại Nội,ARIMAX,30,512
1492.3603515504435,1878.488228128441,3528718.02321713,28.359236561096967,-0.3141088840429387,Đại Nội,ARIMAX,30,2024
1492.3603515504435,1878.488228128441,3528718.02321713,28.359236561096967,-0.3141088840429387,Đại Nội,ARIMAX,30,2025
620.6230792534619,918.3115919932294,843296.1799891394,12.287302085522745,0.7288191486009434,Đại Nội,DLM,1,1
650.5155696286292,945.5556154224223,894075.4218568759,12.917964234199458,0.7124899414138923,Đại Nội,DLM,1,7
631.0785138450611,968.7612888263795,938498.4347285479,12.17758663167765,0.6982047226045216,Đại Nội,DLM,1,42
650.4617146432661,1001.7039119906863,1003410.7272974445,12.72130612614158,0.6773307151290879,Đại Nội,DLM,1,77
646.2528266597965,985.7137157624634,971631.5294422423,12.473592604634257,0.6875500308756193,Đại Nội,DLM,1,99
635.1668253188369,1002.0291746338372,1004062.4668173691,12.12033637850749,0.677121133629613,Đại Nội,DLM,1,123
669.9631920754632,973.3429028920152,947396.4066102549,13.403996518552402,0.6953433796412021,Đại Nội,DLM,1,256
653.3707400440081,987.9242684658582,975994.3602238011,12.704638361860976,0.6861470645229574,Đại Nội,DLM,1,512
642.8904454934845,960.280840253193,922139.2921573784,12.395916371910769,0.7034653727958524,Đại Nội,DLM,1,2024
616.3299386922532,941.4894035471791,886402.296991623,12.057591339554612,0.714957407273725,Đại Nội,DLM,1,2025
1148.0976352145512,1703.317291746706,2901289.796363333,22.29663442693986,0.06811222134250317,Đại Nội,DLM,7,1
1138.201501502603,1660.808401629677,2758284.5469237226,22.759906696159803,0.114045186882065,Đại Nội,DLM,7,7
1173.2363604388092,1753.6667424021316,3075347.043407304,23.188590289914544,0.012205423782893576,Đại Nội,DLM,7,42
1258.141881887595,1779.0307392584411,3164950.371226436,24.78113854396704,-0.01657496424533944,Đại Nội,DLM,7,77
1148.2514018193726,1714.1329670608602,2938251.828764868,22.014934858959254,0.05624009939435848,Đại Nội,DLM,7,99
1196.0670509184629,1772.5140587625053,3141806.0885107303,23.167001504716602,-0.009141072520495452,Đại Nội,DLM,7,123
1324.821175748312,1861.3737289446394,3464712.158805272,26.674958965863105,-0.11285777842798028,Đại Nội,DLM,7,256
1198.0253381555551,1782.1076133170025,3175907.5454424224,23.122846299971393,-0.02009438404038999,Đại Nội,DLM,7,512
1274.1008298691704,1880.0182187503815,3534468.502833357,24.53374596529678,-0.13526335975428605,Đại Nội,DLM,7,2024
1160.3537367652955,1696.0886363445873,2876716.662337241,22.2994765923335,0.07600505690513149,Đại Nội,DLM,7,2025
1590.7430336035027,2177.6718286351415,4742254.593231122,29.326205792714532,-0.7660348178449483,Đại Nội,DLM,30,1
1428.918413099664,1941.945711444697,3771153.1461984506,28.332960252520618,-0.40439270576450004,Đại Nội,DLM,30,7
1651.0039543180299,2198.3142322124663,4832585.463547885,30.635989829401872,-0.7996743998136899,Đại Nội,DLM,30,42
1669.7005658092567,2267.747022057933,5142676.556052624,31.593254584800928,-0.9151535786094915,Đại Nội,DLM,30,77
1613.4159276546359,2248.7612735005396,5056927.265195769,29.545533091092892,-0.8832201953881702,Đại Nội,DLM,30,99
1662.2939309527505,2239.8420616893645,5016892.461312862,30.296305858647504,-0.8683110722711354,Đại Nội,DLM,30,123
2282.261890942715,2822.3340186308883,7965569.312721179,45.08251216977761,-1.9664102746196135,Đại Nội,DLM,30,256
1773.376011693549,2350.4819912123357,5524765.591013507,31.3175371929195,-1.057445082785764,Đại Nội,DLM,30,512
2110.0078322929658,2667.938168756092,7117894.07230561,39.35011166406797,-1.6507325817906024,Đại Nội,DLM,30,2024
1688.7694487776794,2294.958357811347,5266833.864088154,29.885082133207575,-0.9613902629902955,Đại Nội,DLM,30,2025
630.1482408819942,1055.9202132938267,1114967.4968424805,11.984329787939398,0.6414571271034184,Đại Nội,ETS,1,1
630.1482408819942,1055.9202132938267,1114967.4968424805,11.984329787939398,0.6414571271034184,Đại Nội,ETS,1,7
630.1482408819942,1055.9202132938267,1114967.4968424805,11.984329787939398,0.6414571271034184,Đại Nội,ETS,1,42
630.1482408819942,1055.9202132938267,1114967.4968424805,11.984329787939398,0.6414571271034184,Đại Nội,ETS,1,77
630.1482408819942,1055.9202132938267,1114967.4968424805,11.984329787939398,0.6414571271034184,Đại Nội,ETS,1,99
630.1482408819942,1055.9202132938267,1114967.4968424805,11.984329787939398,0.6414571271034184,Đại Nội,ETS,1,123
630.1482408819942,1055.9202132938267,1114967.4968424805,11.984329787939398,0.6414571271034184,Đại Nội,ETS,1,256
630.1482408819942,1055.9202132938267,1114967.4968424805,11.984329787939398,0.6414571271034184,Đại Nội,ETS,1,512
630.1482408819942,1055.9202132938267,1114967.4968424805,11.984329787939398,0.6414571271034184,Đại Nội,ETS,1,2024
630.1482408819942,1055.9202132938267,1114967.4968424805,11.984329787939398,0.6414571271034184,Đại Nội,ETS,1,2025
1201.25244079117,1962.988461298278,3853323.6991901807,23.89670446813657,-0.23767893403397777,Đại Nội,ETS,7,1
1201.25244079117,1962.988461298278,3853323.6991901807,23.89670446813657,-0.23767893403397777,Đại Nội,ETS,7,7
1201.25244079117,1962.988461298278,3853323.6991901807,23.89670446813657,-0.23767893403397777,Đại Nội,ETS,7,42
1201.25244079117,1962.988461298278,3853323.6991901807,23.89670446813657,-0.23767893403397777,Đại Nội,ETS,7,77
1201.25244079117,1962.988461298278,3853323.6991901807,23.89670446813657,-0.23767893403397777,Đại Nội,ETS,7,99
1201.25244079117,1962.988461298278,3853323.6991901807,23.89670446813657,-0.23767893403397777,Đại Nội,ETS,7,123
1201.25244079117,1962.988461298278,3853323.6991901807,23.89670446813657,-0.23767893403397777,Đại Nội,ETS,7,256
1201.25244079117,1962.988461298278,3853323.6991901807,23.89670446813657,-0.23767893403397777,Đại Nội,ETS,7,512
1201.25244079117,1962.988461298278,3853323.6991901807,23.89670446813657,-0.23767893403397777,Đại Nội,ETS,7,2024
1201.25244079117,1962.988461298278,3853323.6991901807,23.89670446813657,-0.23767893403397777,Đại Nội,ETS,7,2025
1973.363684607559,2486.114067262278,6180763.155439386,39.987703107160655,-1.3017412327333435,Đại Nội,ETS,30,1
1973.363684607559,2486.114067262278,6180763.155439386,39.987703107160655,-1.3017412327333435,Đại Nội,ETS,30,7
1973.363684607559,2486.114067262278,6180763.155439386,39.987703107160655,-1.3017412327333435,Đại Nội,ETS,30,42
1973.363684607559,2486.114067262278,6180763.155439386,39.987703107160655,-1.3017412327333435,Đại Nội,ETS,30,77
1973.363684607559,2486.114067262278,6180763.155439386,39.987703107160655,-1.3017412327333435,Đại Nội,ETS,30,99
1973.363684607559,2486.114067262278,6180763.155439386,39.987703107160655,-1.3017412327333435,Đại Nội,ETS,30,123
1973.363684607559,2486.114067262278,6180763.155439386,39.987703107160655,-1.3017412327333435,Đại Nội,ETS,30,256
1973.363684607559,2486.114067262278,6180763.155439386,39.987703107160655,-1.3017412327333435,Đại Nội,ETS,30,512
1973.363684607559,2486.114067262278,6180763.155439386,39.987703107160655,-1.3017412327333435,Đại Nội,ETS,30,2024
1973.363684607559,2486.114067262278,6180763.155439386,39.987703107160655,-1.3017412327333435,Đại Nội,ETS,30,2025
693.6494311278465,1055.9953172763553,1115126.1101095902,13.886672728315382,0.6414061214403564,Đại Nội,LSTM,1,1
717.1987998360868,1108.737467521848,1229298.771886761,13.433412505842703,0.604691334439153,Đại Nội,LSTM,1,7
749.4518111348931,1168.8567840723251,1366226.1816718979,13.920092675772958,0.560659246488892,Đại Nội,LSTM,1,42
756.8986965794587,1165.281557837956,1357881.1090372533,13.738733227345131,0.5633427922652752,Đại Nội,LSTM,1,77
709.8440434030338,1095.2147212179461,1199495.2855725037,13.442342582696234,0.6142753157083016,Đại Nội,LSTM,1,99
732.4599770177541,1128.7584871643287,1274095.722345504,13.659289179588182,0.5902858675892502,Đại Nội,LSTM,1,123
729.4795840597867,1129.6019762103515,1276000.6246583315,13.56999510955699,0.5896733034115833,Đại Nội,LSTM,1,256
754.264578476717,1163.8246641878409,1354487.8489719406,13.667184552324466,0.5644339713496412,Đại Nội,LSTM,1,512
749.6945231667869,1176.7039980766042,1384632.299089465,13.922840663664878,0.5547403455016835,Đại Nội,LSTM,1,2024
698.6054413704796,1035.5333079197062,1072329.231811129,13.970869863916372,0.6551684201078875,Đại Nội,LSTM,1,2025
1262.551745413629,1746.9040305579554,3051673.69197963,27.61302193950488,0.019809251191988064,Đại Nội,LSTM,7,1
1145.7904462343195,1724.8859533366078,2975231.552017939,21.289889953256505,0.04436229518435897,Đại Nội,LSTM,7,7
1167.78517757411,1746.3063602345496,3049585.9037956404,22.160753436684587,0.020479844076409348,Đại Nội,LSTM,7,42
1320.5757657872182,1903.4151208039702,3622989.122105193,23.209616127673502,-0.16369598422427778,Đại Nội,LSTM,7,77
1144.6040552414388,1688.2063030380793,2850040.5216174996,22.372073643262816,0.08457337350336824,Đại Nội,LSTM,7,99
1184.9749833782125,1740.4054039248374,3029010.9700107765,22.380135346907416,0.02708846668447662,Đại Nội,LSTM,7,123
1166.6829932172568,1717.5482756484175,2949972.0791828525,21.949309707043412,0.05247558123384399,Đại Nội,LSTM,7,256
1287.9982383205836,1866.907093746101,3485342.0966795133,22.628043330435638,-0.1194840682262508,Đại Nội,LSTM,7,512
1143.4914411583632,1709.379567797518,2921978.5068036295,21.945150323819227,0.0614670539277683,Đại Nội,LSTM,7,2024
1195.3734456731877,1729.6016465147563,2991521.855626556,25.036573331499778,0.03912988618387958,Đại Nội,LSTM,7,2025
1871.3319579254758,2270.6565541282953,5155881.186805785,44.895207455103574,-0.9200710365840494,Đại Nội,LSTM,30,1
1559.1882754197645,2006.2492159852113,4025035.916641275,28.86625745281331,-0.4989396777665813,Đại Nội,LSTM,30,7
1638.4365750692668,2087.060163535858,4355820.126218323,30.84959894924557,-0.6221250571724473,Đại Nội,LSTM,30,42
2113.3596022684587,2738.445600768306,7499084.30836729,35.0253064019275,-1.7926893696164496,Đại Nội,LSTM,30,77
1511.1244417075613,1935.8141010028698,3747376.2336415495,31.209733151992914,-0.39553808722582473,Đại Nội,LSTM,30,99
1646.2274364655138,2111.466201821772,4458289.52143566,31.657880008546506,-0.6602850749782465,Đại Nội,LSTM,30,123
1518.2089701303994,1957.1330457831564,3830369.7588964547,29.543813173098236,-0.42644521217543496,Đại Nội,LSTM,30,256
1935.4561441765607,2485.7371728312046,6178889.29239487,31.997534081510004,-1.3010433985459482,Đại Nội,LSTM,30,512
1518.1991089411183,1928.8681008452743,3720532.150458455,29.483422058854714,-0.38554124192314143,Đại Nội,LSTM,30,2024
1661.4750260394321,2060.672104979499,4246369.524240641,38.1266285011002,-0.5813652096934501,Đại Nội,LSTM,30,2025
584.7533949515422,930.0802186042446,865049.2130389194,10.690834749666942,0.7418038572081013,Đại Nội,RF,1,1
574.6720702912355,914.5096581934396,836327.9149290817,10.596288047400876,0.7503764658830284,Đại Nội,RF,1,7
575.6444031273435,920.0152628198028,846428.0838213909,10.602746865045331,0.7473618112134061,Đại Nội,RF,1,42
576.9288418059663,908.604060479963,825561.3387206761,10.66417541666342,0.7535900269223126,Đại Nội,RF,1,77
578.9482503147008,905.2350459282479,819450.4883767171,10.747689788313341,0.7554139670683836,Đại Nội,RF,1,99
570.6735823460145,908.01520762392,824491.6172763106,10.55832132803829,0.7539093127463257,Đại Nội,RF,1,123
587.1871200899818,936.7901075772319,877575.7056545616,10.835144877339383,0.7380650039413513,Đại Nội,RF,1,256
579.3751798150778,926.0587118177933,857584.7377336308,10.658677161712985,0.7440318214704122,Đại Nội,RF,1,512
582.5469572550801,920.7206753863782,847726.5620839484,10.768250447942448,0.7469742470449887,Đại Nội,RF,1,2024
574.8563535499399,927.2097860465536,859717.9873404957,10.517764557497337,0.743395098366336,Đại Nội,RF,1,2025
1028.710392518397,1698.06176906505,2883413.771560327,17.93203682162841,0.12622335778704785,Đại Nội,RF,7,1
1007.971835330648,1665.8181813976614,2774950.213475012,17.63302916237365,0.1590916628915806,Đại Nội,RF,7,7
1003.9972723819978,1630.385941566353,2658158.3184572035,17.65188414667956,0.19448374947758762,Đại Nội,RF,7,42
1009.3990182567578,1663.8702863314638,2768464.3297367473,17.645059458068328,0.16105711570674763,Đại Nội,RF,7,77
1013.0369237862365,1655.975682474171,2742255.4609457967,17.75125869837701,0.16899933253120436,Đại Nội,RF,7,99
1016.988939598093,1684.31999453766,2836933.8439993435,17.74626510448228,0.14030842439632618,Đại Nội,RF,7,123
1018.2493414700019,1672.254877609312,2796436.3756881347,17.69559284515592,0.15258059366599885,Đại Nội,RF,7,256
999.1476886893238,1671.0250156921645,2792324.603068999,17.353733185908542,0.15382660660667613,Đại Nội,RF,7,512
1018.174194259324,1675.9498243976375,2808807.813898472,17.89381515775458,0.14883160909590565,Đại Nội,RF,7,2024
995.9278613365054,1663.4620756371623,2767106.0770830964,17.35700533318029,0.16146871443554944,Đại Nội,RF,7,2025
1493.1745801384209,1881.5539189998685,3540245.150103764,27.39843110879152,-0.3184016327832888,Đại Nội,RF,30,1
1499.268688222732,1914.0406922318225,3663551.7715192745,27.357421060389548,-0.36432151802130264,Đại Nội,RF,30,7
1499.511999923167,1965.021062437717,3861307.775823855,26.96178441595491,-0.43796665498596044,Đại Nội,RF,30,42
1528.5174619781258,1960.308451081499,3842809.223381546,27.834904452731607,-0.43107771913264736,Đại Nội,RF,30,77
1506.9601984535936,1924.089902976195,3702121.9547349433,27.35928159982899,-0.37868521046977555,Đại Nội,RF,30,99
1468.0687029667015,1921.357639457855,3691615.1787030604,26.50697761397833,-0.3747724445204128,Đại Nội,RF,30,123
1542.0557611967413,1938.3434610135782,3757175.3728540973,27.991810852373796,-0.3991873263575598,Đại Nội,RF,30,256
1420.0713435523194,1840.097996281365,3385960.635918695,25.680456249120713,-0.26094545480962217,Đại Nội,RF,30,512
1461.7088472480002,1937.426004544626,3753619.5230857534,26.261558397291445,-0.3978631135017414,Đại Nội,RF,30,2024
1521.228438729709,1978.0715001312499,3912766.8596314937,27.707678721455135,-0.4571302262181771,Đại Nội,RF,30,2025
731.9181410325546,1113.5625350311561,1240021.5194250147,13.984211191960677,0.6012431938264465,Đại Nội,SARIMAX,1,1
731.9181410325546,1113.5625350311561,1240021.5194250147,13.984211191960677,0.6012431938264465,Đại Nội,SARIMAX,1,7
731.9181410325546,1113.5625350311561,1240021.5194250147,13.984211191960677,0.6012431938264465,Đại Nội,SARIMAX,1,42
731.9181410325546,1113.5625350311561,1240021.5194250147,13.984211191960677,0.6012431938264465,Đại Nội,SARIMAX,1,77
731.9181410325546,1113.5625350311561,1240021.5194250147,13.984211191960677,0.6012431938264465,Đại Nội,SARIMAX,1,99
731.9181410325546,1113.5625350311561,1240021.5194250147,13.984211191960677,0.6012431938264465,Đại Nội,SARIMAX,1,123
731.9181410325546,1113.5625350311561,1240021.5194250147,13.984211191960677,0.6012431938264465,Đại Nội,SARIMAX,1,256
731.9181410325546,1113.5625350311561,1240021.5194250147,13.984211191960677,0.6012431938264465,Đại Nội,SARIMAX,1,512
731.9181410325546,1113.5625350311561,1240021.5194250147,13.984211191960677,0.6012431938264465,Đại Nội,SARIMAX,1,2024
731.9181410325546,1113.5625350311561,1240021.5194250147,13.984211191960677,0.6012431938264465,Đại Nội,SARIMAX,1,2025
1245.5474628882223,1790.3208864290486,3205248.876384095,23.841707831162946,-0.029518753763249972,Đại Nội,SARIMAX,7,1
1245.5474628882223,1790.3208864290486,3205248.876384095,23.841707831162946,-0.029518753763249972,Đại Nội,SARIMAX,7,7
1245.5474628882223,1790.3208864290486,3205248.876384095,23.841707831162946,-0.029518753763249972,Đại Nội,SARIMAX,7,42
1245.5474628882223,1790.3208864290486,3205248.876384095,23.841707831162946,-0.029518753763249972,Đại Nội,SARIMAX,7,77
1245.5474628882223,1790.3208864290486,3205248.876384095,23.841707831162946,-0.029518753763249972,Đại Nội,SARIMAX,7,99
1245.5474628882223,1790.3208864290486,3205248.876384095,23.841707831162946,-0.029518753763249972,Đại Nội,SARIMAX,7,123
1245.5474628882223,1790.3208864290486,3205248.876384095,23.841707831162946,-0.029518753763249972,Đại Nội,SARIMAX,7,256
1245.5474628882223,1790.3208864290486,3205248.876384095,23.841707831162946,-0.029518753763249972,Đại Nội,SARIMAX,7,512
1245.5474628882223,1790.3208864290486,3205248.876384095,23.841707831162946,-0.029518753763249972,Đại Nội,SARIMAX,7,2024
1245.5474628882223,1790.3208864290486,3205248.876384095,23.841707831162946,-0.029518753763249972,Đại Nội,SARIMAX,7,2025
1608.4523972294649,2004.2055626752995,4016839.937458614,30.689981024086464,-0.4958874619231781,Đại Nội,SARIMAX,30,1
1608.4523972294649,2004.2055626752995,4016839.937458614,30.689981024086464,-0.4958874619231781,Đại Nội,SARIMAX,30,7
1608.4523972294649,2004.2055626752995,4016839.937458614,30.689981024086464,-0.4958874619231781,Đại Nội,SARIMAX,30,42
1608.4523972294649,2004.2055626752995,4016839.937458614,30.689981024086464,-0.4958874619231781,Đại Nội,SARIMAX,30,77
1608.4523972294649,2004.2055626752995,4016839.937458614,30.689981024086464,-0.4958874619231781,Đại Nội,SARIMAX,30,99
1608.4523972294649,2004.2055626752995,4016839.937458614,30.689981024086464,-0.4958874619231781,Đại Nội,SARIMAX,30,123
1608.4523972294649,2004.2055626752995,4016839.937458614,30.689981024086464,-0.4958874619231781,Đại Nội,SARIMAX,30,256
1608.4523972294649,2004.2055626752995,4016839.937458614,30.689981024086464,-0.4958874619231781,Đại Nội,SARIMAX,30,512
1608.4523972294649,2004.2055626752995,4016839.937458614,30.689981024086464,-0.4958874619231781,Đại Nội,SARIMAX,30,2024
1608.4523972294649,2004.2055626752995,4016839.937458614,30.689981024086464,-0.4958874619231781,Đại Nội,SARIMAX,30,2025
1178.647619047619,1997.990912320245,3991967.6857142844,23.319442338144142,-0.2837069839252242,Đại Nội,SeasonalNaive7,1,1
1178.647619047619,1997.990912320245,3991967.6857142844,23.319442338144142,-0.2837069839252242,Đại Nội,SeasonalNaive7,1,7
1178.647619047619,1997.990912320245,3991967.6857142844,23.319442338144142,-0.2837069839252242,Đại Nội,SeasonalNaive7,1,42
1178.647619047619,1997.990912320245,3991967.6857142844,23.319442338144142,-0.2837069839252242,Đại Nội,SeasonalNaive7,1,77
1178.647619047619,1997.990912320245,3991967.6857142844,23.319442338144142,-0.2837069839252242,Đại Nội,SeasonalNaive7,1,99
1178.647619047619,1997.990912320245,3991967.6857142844,23.319442338144142,-0.2837069839252242,Đại Nội,SeasonalNaive7,1,123
1178.647619047619,1997.990912320245,3991967.6857142844,23.319442338144142,-0.2837069839252242,Đại Nội,SeasonalNaive7,1,256
1178.647619047619,1997.990912320245,3991967.6857142844,23.319442338144142,-0.2837069839252242,Đại Nội,SeasonalNaive7,1,512
1178.647619047619,1997.990912320245,3991967.6857142844,23.319442338144142,-0.2837069839252242,Đại Nội,SeasonalNaive7,1,2024
1178.647619047619,1997.990912320245,3991967.6857142844,23.319442338144142,-0.2837069839252242,Đại Nội,SeasonalNaive7,1,2025
1204.4656862745096,2026.3039773991286,4105907.8088235282,23.764236092885742,-0.31880838382056664,Đại Nội,SeasonalNaive7,7,1
1204.4656862745096,2026.3039773991286,4105907.8088235282,23.764236092885742,-0.31880838382056664,Đại Nội,SeasonalNaive7,7,7
1204.4656862745096,2026.3039773991286,4105907.8088235282,23.764236092885742,-0.31880838382056664,Đại Nội,SeasonalNaive7,7,42
1204.4656862745096,2026.3039773991286,4105907.8088235282,23.764236092885742,-0.31880838382056664,Đại Nội,SeasonalNaive7,7,77
1204.4656862745096,2026.3039773991286,4105907.8088235282,23.764236092885742,-0.31880838382056664,Đại Nội,SeasonalNaive7,7,99
1204.4656862745096,2026.3039773991286,4105907.8088235282,23.764236092885742,-0.31880838382056664,Đại Nội,SeasonalNaive7,7,123
1204.4656862745096,2026.3039773991286,4105907.8088235282,23.764236092885742,-0.31880838382056664,Đại Nội,SeasonalNaive7,7,256
1204.4656862745096,2026.3039773991286,4105907.8088235282,23.764236092885742,-0.31880838382056664,Đại Nội,SeasonalNaive7,7,512
1204.4656862745096,2026.3039773991286,4105907.8088235282,23.764236092885742,-0.31880838382056664,Đại Nội,SeasonalNaive7,7,2024
1204.4656862745096,2026.3039773991286,4105907.8088235282,23.764236092885742,-0.31880838382056664,Đại Nội,SeasonalNaive7,7,2025
1845.7182320441989,2383.404347098485,5680616.281767954,35.61048146863443,-1.1154845112572769,Đại Nội,SeasonalNaive7,30,1
1845.7182320441989,2383.404347098485,5680616.281767954,35.61048146863443,-1.1154845112572769,Đại Nội,SeasonalNaive7,30,7
1845.7182320441989,2383.404347098485,5680616.281767954,35.61048146863443,-1.1154845112572769,Đại Nội,SeasonalNaive7,30,42
1845.7182320441989,2383.404347098485,5680616.281767954,35.61048146863443,-1.1154845112572769,Đại Nội,SeasonalNaive7,30,77
1845.7182320441989,2383.404347098485,5680616.281767954,35.61048146863443,-1.1154845112572769,Đại Nội,SeasonalNaive7,30,99
1845.7182320441989,2383.404347098485,5680616.281767954,35.61048146863443,-1.1154845112572769,Đại Nội,SeasonalNaive7,30,123
1845.7182320441989,2383.404347098485,5680616.281767954,35.61048146863443,-1.1154845112572769,Đại Nội,SeasonalNaive7,30,256
1845.7182320441989,2383.404347098485,5680616.281767954,35.61048146863443,-1.1154845112572769,Đại Nội,SeasonalNaive7,30,512
1845.7182320441989,2383.404347098485,5680616.281767954,35.61048146863443,-1.1154845112572769,Đại Nội,SeasonalNaive7,30,2024
1845.7182320441989,2383.404347098485,5680616.281767954,35.61048146863443,-1.1154845112572769,Đại Nội,SeasonalNaive7,30,2025
1244.4798631193887,1506.5145496377647,2269586.0882702773,28.93141285121599,0.3225837733937401,Đại Nội,TFT,1,1
925.795445226174,1236.413423796139,1528718.154543291,20.12705370615589,0.543714825735274,Đại Nội,TFT,1,7
959.8537611144683,1232.336802325864,1518653.9943667355,19.96960098666644,0.5467187326793631,Đại Nội,TFT,1,42
818.4313317398999,1013.3428226375371,1026863.6761910109,17.945944655896877,0.6935061770252142,Đại Nội,TFT,1,77
983.228009808788,1273.223872247221,1621099.0288602076,21.381372481898246,0.5161413824480676,Đại Nội,TFT,1,99
816.5798299378453,1156.972707753213,1338585.8464858017,18.00586526913229,0.6004646936278837,Đại Nội,TFT,1,123
797.8160622949758,1106.5772061084313,1224513.1130787414,17.443527950098293,0.6345126290741951,Đại Nội,TFT,1,256
600.9355050608598,836.9044906070825,700409.1263983003,12.418263735032172,0.7909449172527618,Đại Nội,TFT,1,512
846.6361387474102,1230.1028149670988,1513152.9353899804,17.456283988834542,0.5483606649390078,Đại Nội,TFT,1,2024
978.8418211541782,1273.6650898284213,1622222.7610476406,22.516572908349023,0.5158059757313711,Đại Nội,TFT,1,2025
864.5160134668508,1133.443356852282,1284693.8431925694,17.560819599519835,0.6106921997639594,Đại Nội,TFT,7,1
855.8684864360324,1233.135207390557,1520622.439706152,17.881600331664902,0.5391974670631103,Đại Nội,TFT,7,7
788.4881787379144,1029.9042682041306,1060702.801665086,17.33869227338028,0.6785694299007066,Đại Nội,TFT,7,42
974.163876359634,1197.4361920889933,1433853.4341245883,20.950785841001203,0.5654915532927771,Đại Nội,TFT,7,77
907.8124163717196,1189.1760789556263,1414139.746760278,19.681877366656714,0.5714654997727169,Đại Nội,TFT,7,99
865.9087993137085,1164.8535182763528,1356883.7190407976,18.77202832053725,0.5888161069386482,Đại Nội,TFT,7,123
991.8168742986015,1232.0762519832251,1518011.8907010315,21.997793183245108,0.5399885560030762,Đại Nội,TFT,7,256
782.520880093232,1048.809811612682,1100002.0209350297,15.618548879730621,0.6666603725902465,Đại Nội,TFT,7,512
850.6638804061637,1082.4425501886483,1171681.8744589041,17.216824482550475,0.6449388346187764,Đại Nội,TFT,7,2024
938.3680804342196,1273.5319834780403,1621883.7129415115,20.88439465923018,0.5085117097200285,Đại Nội,TFT,7,2025
1281.2022374611533,1734.6386382669048,3008971.205368462,24.54545177419866,-0.1205530639705581,Đại Nội,TFT,30,1
1229.5141008071478,1567.4155162825275,2456791.4006832223,24.962792801461795,0.08508093176152842,Đại Nội,TFT,30,7
856.957217390366,1100.0210382202588,1210046.284527176,19.08114230328362,0.5493738626498161,Đại Nội,TFT,30,42
1047.101458639071,1302.6643908631984,1696934.5152229879,21.829774709671884,0.3680547135187142,Đại Nội,TFT,30,77
854.3912657005352,1119.6267983895395,1253564.1676720108,18.266081916508902,0.5331676267082908,Đại Nội,TFT,30,99
819.1241596706665,1046.1156909214596,1094358.038792083,15.820763458401215,0.592456633928102,Đại Nội,TFT,30,123
957.6740587771927,1166.6679530045649,1361114.1125678618,21.419367918946648,0.4931155916247072,Đại Nội,TFT,30,256
829.0428095864986,1089.6207921766932,1187273.4707437642,16.83092113291331,0.5578545507383911,Đại Nội,TFT,30,512
838.5997887711499,1034.369592820118,1069920.4545508567,16.77325538740951,0.6015572892779066,Đại Nội,TFT,30,2024
862.1898200103591,1099.8221270998404,1209608.7112584172,19.27832183654129,0.549536816707384,Đại Nội,TFT,30,2025
