destination,horizon,seed,model,MAE,rank
Lăng vua Khải Định,1,1,ARIMAX,260.6166625122205,3.0
Lăng vua Khải Định,1,1,DLM,272.34042862785225,4.0
Lăng vua Khải Định,1,1,ETS,256.76623094188096,2.0
Lăng vua Khải Định,1,1,LSTM,310.0830997963123,6.0
Lăng vua Khải Định,1,1,RF,245.67308186598868,1.0
Lăng vua Khải Định,1,1,SARIMAX,283.57487908332314,5.0
Lăng vua Khải Định,1,1,SeasonalNaive7,444.9285714285715,8.0
Lăng vua Khải Định,1,1,TFT,357.68761262840985,7.0
Lăng vua Khải Định,1,7,ARIMAX,260.6166625122205,3.0
Lăng vua Khải Định,1,7,DLM,282.68330444469336,4.0
Lăng vua Khải Định,1,7,ETS,256.76623094188096,2.0
Lăng vua Khải Định,1,7,LSTM,332.2373262117339,7.0
Lăng vua Khải Định,1,7,RF,243.50830645947727,1.0
Lăng vua Khải Định,1,7,SARIMAX,283.57487908332314,5.0
Lăng vua Khải Định,1,7,SeasonalNaive7,444.9285714285715,8.0
Lăng vua Khải Định,1,7,TFT,329.35917132467193,6.0
Lăng vua Khải Định,1,42,ARIMAX,260.6166625122205,3.0
Lăng vua Khải Định,1,42,DLM,266.14012104367964,4.0
Lăng vua Khải Định,1,42,ETS,256.76623094188096,2.0
Lăng vua Khải Định,1,42,LSTM,332.409311574415,6.0
Lăng vua Khải Định,1,42,RF,244.5125617393923,1.0
Lăng vua Khải Định,1,42,SARIMAX,283.57487908332314,5.0
Lăng vua Khải Định,1,42,SeasonalNaive7,444.9285714285715,8.0
Lăng vua Khải Định,1,42,TFT,427.8414266175328,7.0
Lăng vua Khải Định,1,77,ARIMAX,260.6166625122205,3.0
Lăng vua Khải Định,1,77,DLM,269.33221088557247,4.0
Lăng vua Khải Định,1,77,ETS,256.76623094188096,2.0
Lăng vua Khải Định,1,77,LSTM,325.6583926147933,6.0
Lăng vua Khải Định,1,77,RF,243.86551725020135,1.0
Lăng vua Khải Định,1,77,SARIMAX,283.57487908332314,5.0
Lăng vua Khải Định,1,77,SeasonalNaive7,444.9285714285715,8.0
Lăng vua Khải Định,1,77,TFT,341.63535776717885,7.0
Lăng vua Khải Định,1,99,ARIMAX,260.6166625122205,3.0
Lăng vua Khải Định,1,99,DLM,270.1718066284075,4.0
Lăng vua Khải Định,1,99,ETS,256.76623094188096,2.0
Lăng vua Khải Định,1,99,LSTM,327.6888816273179,6.0
Lăng vua Khải Định,1,99,RF,243.11758897089717,1.0
Lăng vua Khải Định,1,99,SARIMAX,283.57487908332314,5.0
Lăng vua Khải Định,1,99,SeasonalNaive7,444.9285714285715,8.0
Lăng vua Khải Định,1,99,TFT,332.1467001899171,7.0
Lăng vua Khải Định,1,123,ARIMAX,260.6166625122205,3.0
Lăng vua Khải Định,1,123,DLM,287.5258959039825,5.0
Lăng vua Khải Định,1,123,ETS,256.76623094188096,2.0
Lăng vua Khải Định,1,123,LSTM,331.1184288503962,7.0
Lăng vua Khải Định,1,123,RF,245.34462499406683,1.0
Lăng vua Khải Định,1,123,SARIMAX,283.57487908332314,4.0
Lăng vua Khải Định,1,123,SeasonalNaive7,444.9285714285715,8.0
Lăng vua Khải Định,1,123,TFT,328.3730758751295,6.0
Lăng vua Khải Định,1,256,ARIMAX,260.6166625122205,3.0
Lăng vua Khải Định,1,256,DLM,283.1512983883244,5.0
Lăng vua Khải Định,1,256,ETS,256.76623094188096,2.0
Lăng vua Khải Định,1,256,LSTM,329.8893894195849,7.0
Lăng vua Khải Định,1,256,RF,246.72178241109893,1.0
Lăng vua Khải Định,1,256,SARIMAX,283.57487908332314,6.0
Lăng vua Khải Định,1,256,SeasonalNaive7,444.9285714285715,8.0
Lăng vua Khải Định,1,256,TFT,276.1831095152797,4.0
Lăng vua Khải Định,1,512,ARIMAX,260.6166625122205,3.0
Lăng vua Khải Định,1,512,DLM,280.41984988376254,5.0
Lăng vua Khải Định,1,512,ETS,256.76623094188096,2.0
Lăng vua Khải Định,1,512,LSTM,327.974268001727,7.0
Lăng vua Khải Định,1,512,RF,241.581049090582,1.0
Lăng vua Khải Định,1,512,SARIMAX,283.57487908332314,6.0
Lăng vua Khải Định,1,512,SeasonalNaive7,444.9285714285715,8.0
Lăng vua Khải Định,1,512,TFT,273.7971117219872,4.0
Lăng vua Khải Định,1,2024,ARIMAX,260.6166625122205,3.0
Lăng vua Khải Định,1,2024,DLM,271.08650154657903,4.0
Lăng vua Khải Định,1,2024,ETS,256.76623094188096,2.0
Lăng vua Khải Định,1,2024,LSTM,329.8064489189467,7.0
Lăng vua Khải Định,1,2024,RF,245.62667759794076,1.0
Lăng vua Khải Định,1,2024,SARIMAX,283.57487908332314,5.0
Lăng vua Khải Định,1,2024,SeasonalNaive7,444.9285714285715,8.0
Lăng vua Khải Định,1,2024,TFT,320.56971766013464,6.0
Lăng vua Khải Định,1,2025,ARIMAX,260.6166625122205,3.0
Lăng vua Khải Định,1,2025,DLM,280.29924700675866,4.0
Lăng vua Khải Định,1,2025,ETS,256.76623094188096,2.0
Lăng vua Khải Định,1,2025,LSTM,315.68196033699144,7.0
Lăng vua Khải Định,1,2025,RF,242.75218368385896,1.0
Lăng vua Khải Định,1,2025,SARIMAX,283.57487908332314,5.0
Lăng vua Khải Định,1,2025,SeasonalNaive7,444.9285714285715,8.0
Lăng vua Khải Định,1,2025,TFT,310.46084240655216,6.0
Lăng vua Khải Định,7,1,ARIMAX,436.6173280353984,4.0
Lăng vua Khải Định,7,1,DLM,437.8423960700692,5.0
Lăng vua Khải Định,7,1,ETS,465.60591447185055,8.0
Lăng vua Khải Định,7,1,LSTM,429.2892598087313,3.0
Lăng vua Khải Định,7,1,RF,390.7112745101016,2.0
Lăng vua Khải Định,7,1,SARIMAX,453.1061195820573,6.0
Lăng vua Khải Định,7,1,SeasonalNaive7,453.7647058823531,7.0
Lăng vua Khải Định,7,1,TFT,354.7995126629403,1.0
Lăng vua Khải Định,7,7,ARIMAX,436.6173280353984,3.0
Lăng vua Khải Định,7,7,DLM,464.89550922472654,6.0
Lăng vua Khải Định,7,7,ETS,465.60591447185055,7.0
Lăng vua Khải Định,7,7,LSTM,471.41126421441976,8.0
Lăng vua Khải Định,7,7,RF,393.489358422975,2.0
Lăng vua Khải Định,7,7,SARIMAX,453.1061195820573,4.0
Lăng vua Khải Định,7,7,SeasonalNaive7,453.7647058823531,5.0
Lăng vua Khải Định,7,7,TFT,303.6534427200233,1.0
Lăng vua Khải Định,7,42,ARIMAX,436.6173280353984,3.0
Lăng vua Khải Định,7,42,DLM,474.58682259952434,8.0
Lăng vua Khải Định,7,42,ETS,465.60591447185055,7.0
Lăng vua Khải Định,7,42,LSTM,454.1282435854821,6.0
Lăng vua Khải Định,7,42,RF,394.2517324409733,1.0
Lăng vua Khải Định,7,42,SARIMAX,453.1061195820573,4.0
Lăng vua Khải Định,7,42,SeasonalNaive7,453.7647058823531,5.0
Lăng vua Khải Định,7,42,TFT,404.4207837858253,2.0
Lăng vua Khải Định,7,77,ARIMAX,436.6173280353984,3.0
Lăng vua Khải Định,7,77,DLM,437.43688537543665,4.0
Lăng vua Khải Định,7,77,ETS,465.60591447185055,8.0
Lăng vua Khải Định,7,77,LSTM,461.56257289823384,7.0
Lăng vua Khải Định,7,77,RF,403.40117607279007,2.0
Lăng vua Khải Định,7,77,SARIMAX,453.1061195820573,5.0
Lăng vua Khải Định,7,77,SeasonalNaive7,453.7647058823531,6.0
Lăng vua Khải Định,7,77,TFT,345.13303438471166,1.0
Lăng vua Khải Định,7,99,ARIMAX,436.6173280353984,4.0
Lăng vua Khải Định,7,99,DLM,422.2406385691104,3.0
Lăng vua Khải Định,7,99,ETS,465.60591447185055,8.0
Lăng vua Khải Định,7,99,LSTM,460.6211330848744,7.0
Lăng vua Khải Định,7,99,RF,391.0710568201165,2.0
Lăng vua Khải Định,7,99,SARIMAX,453.1061195820573,5.0
Lăng vua Khải Định,7,99,SeasonalNaive7,453.7647058823531,6.0
Lăng vua Khải Định,7,99,TFT,312.1014121039796,1.0
Lăng vua Khải Định,7,123,ARIMAX,436.6173280353984,3.0
Lăng vua Khải Định,7,123,DLM,484.6988334115075,8.0
Lăng vua Khải Định,7,123,ETS,465.60591447185055,6.0
Lăng vua Khải Định,7,123,LSTM,465.67219882031407,7.0
Lăng vua Khải Định,7,123,RF,395.1596138767957,2.0
Lăng vua Khải Định,7,123,SARIMAX,453.1061195820573,4.0
Lăng vua Khải Định,7,123,SeasonalNaive7,453.7647058823531,5.0
Lăng vua Khải Định,7,123,TFT,295.34462809694406,1.0
Lăng vua Khải Định,7,256,ARIMAX,436.6173280353984,3.0
Lăng vua Khải Định,7,256,DLM,465.22376947468643,7.0
Lăng vua Khải Định,7,256,ETS,465.60591447185055,8.0
Lăng vua Khải Định,7,256,LSTM,463.02292004252683,6.0
Lăng vua Khải Định,7,256,RF,400.1251835844161,2.0
Lăng vua Khải Định,7,256,SARIMAX,453.1061195820573,4.0
Lăng vua Khải Định,7,256,SeasonalNaive7,453.7647058823531,5.0
Lăng vua Khải Định,7,256,TFT,272.7252851454593,1.0
Lăng vua Khải Định,7,512,ARIMAX,436.6173280353984,3.0
Lăng vua Khải Định,7,512,DLM,464.7050118022845,7.0
Lăng vua Khải Định,7,512,ETS,465.60591447185055,8.0
Lăng vua Khải Định,7,512,LSTM,460.2341682618148,6.0
Lăng vua Khải Định,7,512,RF,392.0261990516498,2.0
Lăng vua Khải Định,7,512,SARIMAX,453.1061195820573,4.0
Lăng vua Khải Định,7,512,SeasonalNaive7,453.7647058823531,5.0
Lăng vua Khải Định,7,512,TFT,276.94944265797653,1.0
Lăng vua Khải Định,7,2024,ARIMAX,436.6173280353984,4.0
Lăng vua Khải Định,7,2024,DLM,433.0860765852441,3.0
Lăng vua Khải Định,7,2024,ETS,465.60591447185055,8.0
Lăng vua Khải Định,7,2024,LSTM,461.267859256009,7.0
Lăng vua Khải Định,7,2024,RF,399.64838363739676,2.0
Lăng vua Khải Định,7,2024,SARIMAX,453.1061195820573,5.0
Lăng vua Khải Định,7,2024,SeasonalNaive7,453.7647058823531,6.0
Lăng vua Khải Định,7,2024,TFT,348.63971318197514,1.0
Lăng vua Khải Định,7,2025,ARIMAX,436.6173280353984,3.0
Lăng vua Khải Định,7,2025,DLM,477.6193232192574,8.0
Lăng vua Khải Định,7,2025,ETS,465.60591447185055,6.0
Lăng vua Khải Định,7,2025,LSTM,475.01883088090034,7.0
Lăng vua Khải Định,7,2025,RF,407.46788757034886,2.0
Lăng vua Khải Định,7,2025,SARIMAX,453.1061195820573,4.0
Lăng vua Khải Định,7,2025,SeasonalNaive7,453.7647058823531,5.0
Lăng vua Khải Định,7,2025,TFT,331.52294719548513,1.0
Lăng vua Khải Định,30,1,ARIMAX,623.0520143892384,6.0
Lăng vua Khải Định,30,1,DLM,612.2211647413055,5.0
Lăng vua Khải Định,30,1,ETS,743.6425537506017,8.0
Lăng vua Khải Định,30,1,LSTM,537.6420043504993,3.0
Lăng vua Khải Định,30,1,RF,505.58966839266185,2.0
Lăng vua Khải Định,30,1,SARIMAX,569.5522340741423,4.0
Lăng vua Khải Định,30,1,SeasonalNaive7,651.232044198895,7.0
Lăng vua Khải Định,30,1,TFT,342.2392348821651,1.0
Lăng vua Khải Định,30,7,ARIMAX,623.0520143892384,6.0
Lăng vua Khải Định,30,7,DLM,594.8982188103324,5.0
Lăng vua Khải Định,30,7,ETS,743.6425537506017,8.0
Lăng vua Khải Định,30,7,LSTM,526.8939007154378,3.0
Lăng vua Khải Định,30,7,RF,484.7270847076199,2.0
Lăng vua Khải Định,30,7,SARIMAX,569.5522340741423,4.0
Lăng vua Khải Định,30,7,SeasonalNaive7,651.232044198895,7.0
Lăng vua Khải Định,30,7,TFT,427.6993637506474,1.0
Lăng vua Khải Định,30,42,ARIMAX,623.0520143892384,5.0
Lăng vua Khải Định,30,42,DLM,781.2145411855573,8.0
Lăng vua Khải Định,30,42,ETS,743.6425537506017,7.0
Lăng vua Khải Định,30,42,LSTM,511.57185873661837,3.0
Lăng vua Khải Định,30,42,RF,491.84098667583385,2.0
Lăng vua Khải Định,30,42,SARIMAX,569.5522340741423,4.0
Lăng vua Khải Định,30,42,SeasonalNaive7,651.232044198895,6.0
Lăng vua Khải Định,30,42,TFT,425.14955097008806,1.0
Lăng vua Khải Định,30,77,ARIMAX,623.0520143892384,6.0
Lăng vua Khải Định,30,77,DLM,597.1706779176881,5.0
Lăng vua Khải Định,30,77,ETS,743.6425537506017,8.0
Lăng vua Khải Định,30,77,LSTM,516.223230850899,3.0
Lăng vua Khải Định,30,77,RF,514.9988318748627,2.0
Lăng vua Khải Định,30,77,SARIMAX,569.5522340741423,4.0
Lăng vua Khải Định,30,77,SeasonalNaive7,651.232044198895,7.0
Lăng vua Khải Định,30,77,TFT,396.4056605555076,1.0
Lăng vua Khải Định,30,99,ARIMAX,623.0520143892384,5.0
Lăng vua Khải Định,30,99,DLM,640.3980755379204,6.0
Lăng vua Khải Định,30,99,ETS,743.6425537506017,8.0
Lăng vua Khải Định,30,99,LSTM,507.6992306111784,3.0
Lăng vua Khải Định,30,99,RF,501.08417247661237,2.0
Lăng vua Khải Định,30,99,SARIMAX,569.5522340741423,4.0
Lăng vua Khải Định,30,99,SeasonalNaive7,651.232044198895,7.0
Lăng vua Khải Định,30,99,TFT,296.1272289634409,1.0
Lăng vua Khải Định,30,123,ARIMAX,623.0520143892384,5.0
Lăng vua Khải Định,30,123,DLM,975.9728377268254,8.0
Lăng vua Khải Định,30,123,ETS,743.6425537506017,7.0
Lăng vua Khải Định,30,123,LSTM,513.6953030380961,2.0
Lăng vua Khải Định,30,123,RF,518.9194729096108,3.0
Lăng vua Khải Định,30,123,SARIMAX,569.5522340741423,4.0
Lăng vua Khải Định,30,123,SeasonalNaive7,651.232044198895,6.0
Lăng vua Khải Định,30,123,TFT,274.8603090739382,1.0
Lăng vua Khải Định,30,256,ARIMAX,623.0520143892384,6.0
Lăng vua Khải Định,30,256,DLM,601.111937823725,5.0
Lăng vua Khải Định,30,256,ETS,743.6425537506017,8.0
Lăng vua Khải Định,30,256,LSTM,509.32187205230065,2.0
Lăng vua Khải Định,30,256,RF,523.3959126636269,3.0
Lăng vua Khải Định,30,256,SARIMAX,569.5522340741423,4.0
Lăng vua Khải Định,30,256,SeasonalNaive7,651.232044198895,7.0
Lăng vua Khải Định,30,256,TFT,332.514133853807,1.0
Lăng vua Khải Định,30,512,ARIMAX,623.0520143892384,5.0
Lăng vua Khải Định,30,512,DLM,853.0991933497951,8.0
Lăng vua Khải Định,30,512,ETS,743.6425537506017,7.0
Lăng vua Khải Định,30,512,LSTM,513.2300094054833,3.0
Lăng vua Khải Định,30,512,RF,491.1154799016967,2.0
Lăng vua Khải Định,30,512,SARIMAX,569.5522340741423,4.0
Lăng vua Khải Định,30,512,SeasonalNaive7,651.232044198895,6.0
Lăng vua Khải Định,30,512,TFT,311.4594767027797,1.0
Lăng vua Khải Định,30,2024,ARIMAX,623.0520143892384,6.0
Lăng vua Khải Định,30,2024,DLM,587.3563387971441,5.0
Lăng vua Khải Định,30,2024,ETS,743.6425537506017,8.0
Lăng vua Khải Định,30,2024,LSTM,521.0019399139599,3.0
Lăng vua Khải Định,30,2024,RF,505.9254528311685,2.0
Lăng vua Khải Định,30,2024,SARIMAX,569.5522340741423,4.0
Lăng vua Khải Định,30,2024,SeasonalNaive7,651.232044198895,7.0
Lăng vua Khải Định,30,2024,TFT,342.3233231180939,1.0
Lăng vua Khải Định,30,2025,ARIMAX,623.0520143892384,5.0
Lăng vua Khải Định,30,2025,DLM,791.9177400994646,8.0
Lăng vua Khải Định,30,2025,ETS,743.6425537506017,7.0
Lăng vua Khải Định,30,2025,LSTM,596.267122202106,4.0
Lăng vua Khải Định,30,2025,RF,502.24669075610444,2.0
Lăng vua Khải Định,30,2025,SARIMAX,569.5522340741423,3.0
Lăng vua Khải Định,30,2025,SeasonalNaive7,651.232044198895,6.0
Lăng vua Khải Định,30,2025,TFT,373.308997728548,1.0
Lăng vua Minh Mạng,1,1,ARIMAX,155.18397062848624,6.0
Lăng vua Minh Mạng,1,1,DLM,150.98146628049633,3.0
Lăng vua Minh Mạng,1,1,ETS,135.6659024982087,2.0
Lăng vua Minh Mạng,1,1,LSTM,154.28205383552708,5.0
Lăng vua Minh Mạng,1,1,RF,133.77033900103027,1.0
Lăng vua Minh Mạng,1,1,SARIMAX,151.59006328275962,4.0
Lăng vua Minh Mạng,1,1,SeasonalNaive7,215.86666666666667,8.0
Lăng vua Minh Mạng,1,1,TFT,160.0148799327197,7.0
Lăng vua Minh Mạng,1,7,ARIMAX,155.18397062848624,5.0
Lăng vua Minh Mạng,1,7,DLM,133.87419752485033,1.0
Lăng vua Minh Mạng,1,7,ETS,135.6659024982087,3.0
Lăng vua Minh Mạng,1,7,LSTM,158.45605987309852,6.0
Lăng vua Minh Mạng,1,7,RF,134.78147206902153,2.0
Lăng vua Minh Mạng,1,7,SARIMAX,151.59006328275962,4.0
Lăng vua Minh Mạng,1,7,SeasonalNaive7,215.86666666666667,8.0
Lăng vua Minh Mạng,1,7,TFT,174.13749871859892,7.0
Lăng vua Minh Mạng,1,42,ARIMAX,155.18397062848624,5.0
Lăng vua Minh Mạng,1,42,DLM,147.65674683832555,3.0
Lăng vua Minh Mạng,1,42,ETS,135.6659024982087,2.0
Lăng vua Minh Mạng,1,42,LSTM,159.6328960494832,6.0
Lăng vua Minh Mạng,1,42,RF,133.4054789126346,1.0
Lăng vua Minh Mạng,1,42,SARIMAX,151.59006328275962,4.0
Lăng vua Minh Mạng,1,42,SeasonalNaive7,215.86666666666667,8.0
Lăng vua Minh Mạng,1,42,TFT,160.50686325157545,7.0
Lăng vua Minh Mạng,1,77,ARIMAX,155.18397062848624,5.0
Lăng vua Minh Mạng,1,77,DLM,145.512121925373,3.0
Lăng vua Minh Mạng,1,77,ETS,135.6659024982087,2.0
Lăng vua Minh Mạng,1,77,LSTM,158.5604952190975,6.0
Lăng vua Minh Mạng,1,77,RF,135.37363488769793,1.0
Lăng vua Minh Mạng,1,77,SARIMAX,151.59006328275962,4.0
Lăng vua Minh Mạng,1,77,SeasonalNaive7,215.86666666666667,8.0
Lăng vua Minh Mạng,1,77,TFT,160.3645184764546,7.0
Lăng vua Minh Mạng,1,99,ARIMAX,155.18397062848624,5.0
Lăng vua Minh Mạng,1,99,DLM,154.01704083796196,4.0
Lăng vua Minh Mạng,1,99,ETS,135.6659024982087,2.0
Lăng vua Minh Mạng,1,99,LSTM,156.52229943880423,6.0
Lăng vua Minh Mạng,1,99,RF,134.41003856596652,1.0
Lăng vua Minh Mạng,1,99,SARIMAX,151.59006328275962,3.0
Lăng vua Minh Mạng,1,99,SeasonalNaive7,215.86666666666667,8.0
Lăng vua Minh Mạng,1,99,TFT,159.9595857904761,7.0
Lăng vua Minh Mạng,1,123,ARIMAX,155.18397062848624,5.0
Lăng vua Minh Mạng,1,123,DLM,144.23825508435272,3.0
Lăng vua Minh Mạng,1,123,ETS,135.6659024982087,2.0
Lăng vua Minh Mạng,1,123,LSTM,159.90150479775735,6.0
Lăng vua Minh Mạng,1,123,RF,134.92726523870124,1.0
Lăng vua Minh Mạng,1,123,SARIMAX,151.59006328275962,4.0
Lăng vua Minh Mạng,1,123,SeasonalNaive7,215.86666666666667,8.0
Lăng vua Minh Mạng,1,123,TFT,161.9437131091376,7.0
Lăng vua Minh Mạng,1,256,ARIMAX,155.18397062848624,6.0
Lăng vua Minh Mạng,1,256,DLM,148.59102276719236,4.0
Lăng vua Minh Mạng,1,256,ETS,135.6659024982087,2.0
Lăng vua Minh Mạng,1,256,LSTM,164.04304574065287,7.0
Lăng vua Minh Mạng,1,256,RF,135.6166829751243,1.0
Lăng vua Minh Mạng,1,256,SARIMAX,151.59006328275962,5.0
Lăng vua Minh Mạng,1,256,SeasonalNaive7,215.86666666666667,8.0
Lăng vua Minh Mạng,1,256,TFT,145.99971151615375,3.0
Lăng vua Minh Mạng,1,512,ARIMAX,155.18397062848624,6.0
Lăng vua Minh Mạng,1,512,DLM,147.52253950626368,3.0
Lăng vua Minh Mạng,1,512,ETS,135.6659024982087,2.0
Lăng vua Minh Mạng,1,512,LSTM,152.05401069920424,5.0
Lăng vua Minh Mạng,1,512,RF,135.14074431956428,1.0
Lăng vua Minh Mạng,1,512,SARIMAX,151.59006328275962,4.0
Lăng vua Minh Mạng,1,512,SeasonalNaive7,215.86666666666667,8.0
Lăng vua Minh Mạng,1,512,TFT,165.59133287292818,7.0
Lăng vua Minh Mạng,1,2024,ARIMAX,155.18397062848624,5.0
Lăng vua Minh Mạng,1,2024,DLM,138.771333558582,3.0
Lăng vua Minh Mạng,1,2024,ETS,135.6659024982087,2.0
Lăng vua Minh Mạng,1,2024,LSTM,159.26303320437805,6.0
Lăng vua Minh Mạng,1,2024,RF,134.23973366889817,1.0
Lăng vua Minh Mạng,1,2024,SARIMAX,151.59006328275962,4.0
Lăng vua Minh Mạng,1,2024,SeasonalNaive7,215.86666666666667,8.0
Lăng vua Minh Mạng,1,2024,TFT,167.7119938128561,7.0
Lăng vua Minh Mạng,1,2025,ARIMAX,155.18397062848624,5.0
Lăng vua Minh Mạng,1,2025,DLM,140.6895047539019,3.0
Lăng vua Minh Mạng,1,2025,ETS,135.6659024982087,2.0
Lăng vua Minh Mạng,1,2025,LSTM,157.01966683714252,6.0
Lăng vua Minh Mạng,1,2025,RF,135.3586329468137,1.0
Lăng vua Minh Mạng,1,2025,SARIMAX,151.59006328275962,4.0
Lăng vua Minh Mạng,1,2025,SeasonalNaive7,215.86666666666667,8.0
Lăng vua Minh Mạng,1,2025,TFT,163.89268974177745,7.0
Lăng vua Minh Mạng,7,1,ARIMAX,262.12669800935015,8.0
Lăng vua Minh Mạng,7,1,DLM,204.56810888679868,2.0
Lăng vua Minh Mạng,7,1,ETS,214.83948684728028,6.0
Lăng vua Minh Mạng,7,1,LSTM,209.24831971349968,4.0
Lăng vua Minh Mạng,7,1,RF,177.48248747753482,1.0
Lăng vua Minh Mạng,7,1,SARIMAX,209.93114444542715,5.0
Lăng vua Minh Mạng,7,1,SeasonalNaive7,217.0686274509804,7.0
Lăng vua Minh Mạng,7,1,TFT,207.0846963956211,3.0
Lăng vua Minh Mạng,7,7,ARIMAX,262.12669800935015,8.0
Lăng vua Minh Mạng,7,7,DLM,196.78766698354872,3.0
Lăng vua Minh Mạng,7,7,ETS,214.83948684728028,6.0
Lăng vua Minh Mạng,7,7,LSTM,206.53699290493964,4.0
Lăng vua Minh Mạng,7,7,RF,175.02091724823663,2.0
Lăng vua Minh Mạng,7,7,SARIMAX,209.93114444542715,5.0
Lăng vua Minh Mạng,7,7,SeasonalNaive7,217.0686274509804,7.0
Lăng vua Minh Mạng,7,7,TFT,161.62040128760574,1.0
Lăng vua Minh Mạng,7,42,ARIMAX,262.12669800935015,8.0
Lăng vua Minh Mạng,7,42,DLM,210.7307272025213,5.0
Lăng vua Minh Mạng,7,42,ETS,214.83948684728028,6.0
Lăng vua Minh Mạng,7,42,LSTM,208.0532958187142,3.0
Lăng vua Minh Mạng,7,42,RF,174.33336865505595,2.0
Lăng vua Minh Mạng,7,42,SARIMAX,209.93114444542715,4.0
Lăng vua Minh Mạng,7,42,SeasonalNaive7,217.0686274509804,7.0
Lăng vua Minh Mạng,7,42,TFT,154.792076490202,1.0
Lăng vua Minh Mạng,7,77,ARIMAX,262.12669800935015,8.0
Lăng vua Minh Mạng,7,77,DLM,217.83097489554055,6.0
Lăng vua Minh Mạng,7,77,ETS,214.83948684728028,4.0
Lăng vua Minh Mạng,7,77,LSTM,227.83182196692104,7.0
Lăng vua Minh Mạng,7,77,RF,180.57423969852718,2.0
Lăng vua Minh Mạng,7,77,SARIMAX,209.93114444542715,3.0
Lăng vua Minh Mạng,7,77,SeasonalNaive7,217.0686274509804,5.0
Lăng vua Minh Mạng,7,77,TFT,177.4813019979066,1.0
Lăng vua Minh Mạng,7,99,ARIMAX,262.12669800935015,8.0
Lăng vua Minh Mạng,7,99,DLM,224.47430408070431,7.0
Lăng vua Minh Mạng,7,99,ETS,214.83948684728028,5.0
Lăng vua Minh Mạng,7,99,LSTM,207.1400129660771,3.0
Lăng vua Minh Mạng,7,99,RF,177.15008799347962,2.0
Lăng vua Minh Mạng,7,99,SARIMAX,209.93114444542715,4.0
Lăng vua Minh Mạng,7,99,SeasonalNaive7,217.0686274509804,6.0
Lăng vua Minh Mạng,7,99,TFT,160.63840345519682,1.0
Lăng vua Minh Mạng,7,123,ARIMAX,262.12669800935015,8.0
Lăng vua Minh Mạng,7,123,DLM,199.90691578026014,3.0
Lăng vua Minh Mạng,7,123,ETS,214.83948684728028,6.0
Lăng vua Minh Mạng,7,123,LSTM,208.89872224148647,4.0
Lăng vua Minh Mạng,7,123,RF,179.29144346703185,2.0
Lăng vua Minh Mạng,7,123,SARIMAX,209.93114444542715,5.0
Lăng vua Minh Mạng,7,123,SeasonalNaive7,217.0686274509804,7.0
Lăng vua Minh Mạng,7,123,TFT,160.87482886551493,1.0
Lăng vua Minh Mạng,7,256,ARIMAX,262.12669800935015,8.0
Lăng vua Minh Mạng,7,256,DLM,220.76482753112995,7.0
Lăng vua Minh Mạng,7,256,ETS,214.83948684728028,5.0
Lăng vua Minh Mạng,7,256,LSTM,209.3596542181833,3.0
Lăng vua Minh Mạng,7,256,RF,178.0145901433756,2.0
Lăng vua Minh Mạng,7,256,SARIMAX,209.93114444542715,4.0
Lăng vua Minh Mạng,7,256,SeasonalNaive7,217.0686274509804,6.0
Lăng vua Minh Mạng,7,256,TFT,138.4417008036408,1.0
Lăng vua Minh Mạng,7,512,ARIMAX,262.12669800935015,8.0
Lăng vua Minh Mạng,7,512,DLM,206.30374047708574,3.0
Lăng vua Minh Mạng,7,512,ETS,214.83948684728028,6.0
Lăng vua Minh Mạng,7,512,LSTM,207.962883246958,4.0
Lăng vua Minh Mạng,7,512,RF,178.47841198737356,2.0
Lăng vua Minh Mạng,7,512,SARIMAX,209.93114444542715,5.0
Lăng vua Minh Mạng,7,512,SeasonalNaive7,217.0686274509804,7.0
Lăng vua Minh Mạng,7,512,TFT,154.4243508017524,1.0
Lăng vua Minh Mạng,7,2024,ARIMAX,262.12669800935015,8.0
Lăng vua Minh Mạng,7,2024,DLM,195.59870626390762,3.0
Lăng vua Minh Mạng,7,2024,ETS,214.83948684728028,6.0
Lăng vua Minh Mạng,7,2024,LSTM,208.1447865834023,4.0
Lăng vua Minh Mạng,7,2024,RF,180.55398375930739,2.0
Lăng vua Minh Mạng,7,2024,SARIMAX,209.93114444542715,5.0
Lăng vua Minh Mạng,7,2024,SeasonalNaive7,217.0686274509804,7.0
Lăng vua Minh Mạng,7,2024,TFT,175.14268636966938,1.0
Lăng vua Minh Mạng,7,2025,ARIMAX,262.12669800935015,8.0
Lăng vua Minh Mạng,7,2025,DLM,195.75906215202477,3.0
Lăng vua Minh Mạng,7,2025,ETS,214.83948684728028,5.0
Lăng vua Minh Mạng,7,2025,LSTM,219.326015321281,7.0
Lăng vua Minh Mạng,7,2025,RF,179.75838356059117,2.0
Lăng vua Minh Mạng,7,2025,SARIMAX,209.93114444542715,4.0
Lăng vua Minh Mạng,7,2025,SeasonalNaive7,217.0686274509804,6.0
Lăng vua Minh Mạng,7,2025,TFT,154.56891762749265,1.0
Lăng vua Minh Mạng,30,1,ARIMAX,325.12196422283824,8.0
Lăng vua Minh Mạng,30,1,DLM,263.3243610366612,3.0
Lăng vua Minh Mạng,30,1,ETS,323.6287665730675,7.0
Lăng vua Minh Mạng,30,1,LSTM,260.81019939458054,2.0
Lăng vua Minh Mạng,30,1,RF,229.56487376020812,1.0
Lăng vua Minh Mạng,30,1,SARIMAX,267.7065348268552,4.0
Lăng vua Minh Mạng,30,1,SeasonalNaive7,305.16022099447514,6.0
Lăng vua Minh Mạng,30,1,TFT,280.8654405794091,5.0
Lăng vua Minh Mạng,30,7,ARIMAX,325.12196422283824,8.0
Lăng vua Minh Mạng,30,7,DLM,249.84006753313145,3.0
Lăng vua Minh Mạng,30,7,ETS,323.6287665730675,7.0
Lăng vua Minh Mạng,30,7,LSTM,263.0541573532227,4.0
Lăng vua Minh Mạng,30,7,RF,233.21723372894127,2.0
Lăng vua Minh Mạng,30,7,SARIMAX,267.7065348268552,5.0
Lăng vua Minh Mạng,30,7,SeasonalNaive7,305.16022099447514,6.0
Lăng vua Minh Mạng,30,7,TFT,147.51686155203296,1.0
Lăng vua Minh Mạng,30,42,ARIMAX,325.12196422283824,8.0
Lăng vua Minh Mạng,30,42,DLM,319.21987533790224,6.0
Lăng vua Minh Mạng,30,42,ETS,323.6287665730675,7.0
Lăng vua Minh Mạng,30,42,LSTM,259.7979192103324,3.0
Lăng vua Minh Mạng,30,42,RF,232.02856290202405,2.0
Lăng vua Minh Mạng,30,42,SARIMAX,267.7065348268552,4.0
Lăng vua Minh Mạng,30,42,SeasonalNaive7,305.16022099447514,5.0
Lăng vua Minh Mạng,30,42,TFT,167.28534070431198,1.0
Lăng vua Minh Mạng,30,77,ARIMAX,325.12196422283824,6.0
Lăng vua Minh Mạng,30,77,DLM,328.7840499950253,7.0
Lăng vua Minh Mạng,30,77,ETS,323.6287665730675,5.0
Lăng vua Minh Mạng,30,77,LSTM,378.5643975633316,8.0
Lăng vua Minh Mạng,30,77,RF,227.69680069909285,2.0
Lăng vua Minh Mạng,30,77,SARIMAX,267.7065348268552,3.0
Lăng vua Minh Mạng,30,77,SeasonalNaive7,305.16022099447514,4.0
Lăng vua Minh Mạng,30,77,TFT,191.75604096302013,1.0
Lăng vua Minh Mạng,30,99,ARIMAX,325.12196422283824,7.0
Lăng vua Minh Mạng,30,99,DLM,401.02178020443534,8.0
Lăng vua Minh Mạng,30,99,ETS,323.6287665730675,6.0
Lăng vua Minh Mạng,30,99,LSTM,262.3299857447325,3.0
Lăng vua Minh Mạng,30,99,RF,222.90113018827233,2.0
Lăng vua Minh Mạng,30,99,SARIMAX,267.7065348268552,4.0
Lăng vua Minh Mạng,30,99,SeasonalNaive7,305.16022099447514,5.0
Lăng vua Minh Mạng,30,99,TFT,163.48591858247366,1.0
Lăng vua Minh Mạng,30,123,ARIMAX,325.12196422283824,8.0
Lăng vua Minh Mạng,30,123,DLM,269.17469690538695,5.0
Lăng vua Minh Mạng,30,123,ETS,323.6287665730675,7.0
Lăng vua Minh Mạng,30,123,LSTM,252.77902459726522,3.0
Lăng vua Minh Mạng,30,123,RF,232.7300082226788,2.0
Lăng vua Minh Mạng,30,123,SARIMAX,267.7065348268552,4.0
Lăng vua Minh Mạng,30,123,SeasonalNaive7,305.16022099447514,6.0
Lăng vua Minh Mạng,30,123,TFT,157.24454746983986,1.0
Lăng vua Minh Mạng,30,256,ARIMAX,325.12196422283824,7.0
Lăng vua Minh Mạng,30,256,DLM,497.1122089118286,8.0
Lăng vua Minh Mạng,30,256,ETS,323.6287665730675,6.0
Lăng vua Minh Mạng,30,256,LSTM,263.2820685773974,3.0
Lăng vua Minh Mạng,30,256,RF,231.5814649258187,2.0
Lăng vua Minh Mạng,30,256,SARIMAX,267.7065348268552,4.0
Lăng vua Minh Mạng,30,256,SeasonalNaive7,305.16022099447514,5.0
Lăng vua Minh Mạng,30,256,TFT,198.1836654072967,1.0
Lăng vua Minh Mạng,30,512,ARIMAX,325.12196422283824,8.0
Lăng vua Minh Mạng,30,512,DLM,317.3856011591943,6.0
Lăng vua Minh Mạng,30,512,ETS,323.6287665730675,7.0
Lăng vua Minh Mạng,30,512,LSTM,247.7827832714403,3.0
Lăng vua Minh Mạng,30,512,RF,227.18433494744622,2.0
Lăng vua Minh Mạng,30,512,SARIMAX,267.7065348268552,4.0
Lăng vua Minh Mạng,30,512,SeasonalNaive7,305.16022099447514,5.0
Lăng vua Minh Mạng,30,512,TFT,144.97180074618007,1.0
Lăng vua Minh Mạng,30,2024,ARIMAX,325.12196422283824,8.0
Lăng vua Minh Mạng,30,2024,DLM,265.3229916861271,4.0
Lăng vua Minh Mạng,30,2024,ETS,323.6287665730675,7.0
Lăng vua Minh Mạng,30,2024,LSTM,255.72228451864552,3.0
Lăng vua Minh Mạng,30,2024,RF,229.79026006577976,2.0
Lăng vua Minh Mạng,30,2024,SARIMAX,267.7065348268552,5.0
Lăng vua Minh Mạng,30,2024,SeasonalNaive7,305.16022099447514,6.0
Lăng vua Minh Mạng,30,2024,TFT,176.86664829991798,1.0
Lăng vua Minh Mạng,30,2025,ARIMAX,325.12196422283824,7.0
Lăng vua Minh Mạng,30,2025,DLM,217.76857342829686,2.0
Lăng vua Minh Mạng,30,2025,ETS,323.6287665730675,6.0
Lăng vua Minh Mạng,30,2025,LSTM,327.1853821598649,8.0
Lăng vua Minh Mạng,30,2025,RF,227.3087096907404,3.0
Lăng vua Minh Mạng,30,2025,SARIMAX,267.7065348268552,4.0
Lăng vua Minh Mạng,30,2025,SeasonalNaive7,305.16022099447514,5.0
Lăng vua Minh Mạng,30,2025,TFT,144.791267690079,1.0
Đại Nội,1,1,ARIMAX,646.94739742796,4.0
Đại Nội,1,1,DLM,620.6230792534619,2.0
Đại Nội,1,1,ETS,630.1482408819942,3.0
Đại Nội,1,1,LSTM,693.6494311278465,5.0
Đại Nội,1,1,RF,584.7533949515422,1.0
Đại Nội,1,1,SARIMAX,731.9181410325546,6.0
Đại Nội,1,1,SeasonalNaive7,1178.647619047619,7.0
Đại Nội,1,1,TFT,1244.4798631193887,8.0
Đại Nội,1,7,ARIMAX,646.94739742796,3.0
Đại Nội,1,7,DLM,650.5155696286292,4.0
Đại Nội,1,7,ETS,630.1482408819942,2.0
Đại Nội,1,7,LSTM,717.1987998360868,5.0
Đại Nội,1,7,RF,574.6720702912355,1.0
Đại Nội,1,7,SARIMAX,731.9181410325546,6.0
Đại Nội,1,7,SeasonalNaive7,1178.647619047619,8.0
Đại Nội,1,7,TFT,925.795445226174,7.0
Đại Nội,1,42,ARIMAX,646.94739742796,4.0
Đại Nội,1,42,DLM,631.0785138450611,3.0
Đại Nội,1,42,ETS,630.1482408819942,2.0
Đại Nội,1,42,LSTM,749.4518111348931,6.0
Đại Nội,1,42,RF,575.6444031273435,1.0
Đại Nội,1,42,SARIMAX,731.9181410325546,5.0
Đại Nội,1,42,SeasonalNaive7,1178.647619047619,8.0
Đại Nội,1,42,TFT,959.8537611144683,7.0
Đại Nội,1,77,ARIMAX,646.94739742796,3.0
Đại Nội,1,77,DLM,650.4617146432661,4.0
Đại Nội,1,77,ETS,630.1482408819942,2.0
Đại Nội,1,77,LSTM,756.8986965794587,6.0
Đại Nội,1,77,RF,576.9288418059663,1.0
Đại Nội,1,77,SARIMAX,731.9181410325546,5.0
Đại Nội,1,77,SeasonalNaive7,1178.647619047619,8.0
Đại Nội,1,77,TFT,818.4313317398999,7.0
Đại Nội,1,99,ARIMAX,646.94739742796,4.0
Đại Nội,1,99,DLM,646.2528266597965,3.0
Đại Nội,1,99,ETS,630.1482408819942,2.0
Đại Nội,1,99,LSTM,709.8440434030338,5.0
Đại Nội,1,99,RF,578.9482503147008,1.0
Đại Nội,1,99,SARIMAX,731.9181410325546,6.0
Đại Nội,1,99,SeasonalNaive7,1178.647619047619,8.0
Đại Nội,1,99,TFT,983.228009808788,7.0
Đại Nội,1,123,ARIMAX,646.94739742796,4.0
Đại Nội,1,123,DLM,635.1668253188369,3.0
Đại Nội,1,123,ETS,630.1482408819942,2.0
Đại Nội,1,123,LSTM,732.4599770177541,6.0
Đại Nội,1,123,RF,570.6735823460145,1.0
Đại Nội,1,123,SARIMAX,731.9181410325546,5.0
Đại Nội,1,123,SeasonalNaive7,1178.647619047619,8.0
Đại Nội,1,123,TFT,816.5798299378453,7.0
Đại Nội,1,256,ARIMAX,646.94739742796,3.0
Đại Nội,1,256,DLM,669.9631920754632,4.0
Đại Nội,1,256,ETS,630.1482408819942,2.0
Đại Nội,1,256,LSTM,729.4795840597867,5.0
Đại Nội,1,256,RF,587.1871200899818,1.0
Đại Nội,1,256,SARIMAX,731.9181410325546,6.0
Đại Nội,1,256,SeasonalNaive7,1178.647619047619,8.0
Đại Nội,1,256,TFT,797.8160622949758,7.0
Đại Nội,1,512,ARIMAX,646.94739742796,4.0
Đại Nội,1,512,DLM,653.3707400440081,5.0
Đại Nội,1,512,ETS,630.1482408819942,3.0
Đại Nội,1,512,LSTM,754.264578476717,7.0
Đại Nội,1,512,RF,579.3751798150778,1.0
Đại Nội,1,512,SARIMAX,731.9181410325546,6.0
Đại Nội,1,512,SeasonalNaive7,1178.647619047619,8.0
Đại Nội,1,512,TFT,600.9355050608598,2.0
Đại Nội,1,2024,ARIMAX,646.94739742796,4.0
Đại Nội,1,2024,DLM,642.8904454934845,3.0
Đại Nội,1,2024,ETS,630.1482408819942,2.0
Đại Nội,1,2024,LSTM,749.6945231667869,6.0
Đại Nội,1,2024,RF,582.5469572550801,1.0
Đại Nội,1,2024,SARIMAX,731.9181410325546,5.0
Đại Nội,1,2024,SeasonalNaive7,1178.647619047619,8.0
Đại Nội,1,2024,TFT,846.6361387474102,7.0
Đại Nội,1,2025,ARIMAX,646.94739742796,4.0
Đại Nội,1,2025,DLM,616.3299386922532,2.0
Đại Nội,1,2025,ETS,630.1482408819942,3.0
Đại Nội,1,2025,LSTM,698.6054413704796,5.0
Đại Nội,1,2025,RF,574.8563535499399,1.0
Đại Nội,1,2025,SARIMAX,731.9181410325546,6.0
Đại Nội,1,2025,SeasonalNaive7,1178.647619047619,8.0
Đại Nội,1,2025,TFT,978.8418211541782,7.0
Đại Nội,7,1,ARIMAX,1180.9258700023918,4.0
Đại Nội,7,1,DLM,1148.0976352145512,3.0
Đại Nội,7,1,ETS,1201.25244079117,5.0
Đại Nội,7,1,LSTM,1262.551745413629,8.0
Đại Nội,7,1,RF,1028.710392518397,2.0
Đại Nội,7,1,SARIMAX,1245.5474628882223,7.0
Đại Nội,7,1,SeasonalNaive7,1204.4656862745096,6.0
Đại Nội,7,1,TFT,864.5160134668508,1.0
Đại Nội,7,7,ARIMAX,1180.9258700023918,5.0
Đại Nội,7,7,DLM,1138.201501502603,3.0
Đại Nội,7,7,ETS,1201.25244079117,6.0
Đại Nội,7,7,LSTM,1145.7904462343195,4.0
Đại Nội,7,7,RF,1007.971835330648,2.0
Đại Nội,7,7,SARIMAX,1245.5474628882223,8.0
Đại Nội,7,7,SeasonalNaive7,1204.4656862745096,7.0
Đại Nội,7,7,TFT,855.8684864360324,1.0
Đại Nội,7,42,ARIMAX,1180.9258700023918,5.0
Đại Nội,7,42,DLM,1173.2363604388092,4.0
Đại Nội,7,42,ETS,1201.25244079117,6.0
Đại Nội,7,42,LSTM,1167.78517757411,3.0
Đại Nội,7,42,RF,1003.9972723819978,2.0
Đại Nội,7,42,SARIMAX,1245.5474628882223,8.0
Đại Nội,7,42,SeasonalNaive7,1204.4656862745096,7.0
Đại Nội,7,42,TFT,788.4881787379144,1.0
Đại Nội,7,77,ARIMAX,1180.9258700023918,3.0
Đại Nội,7,77,DLM,1258.141881887595,7.0
Đại Nội,7,77,ETS,1201.25244079117,4.0
Đại Nội,7,77,LSTM,1320.5757657872182,8.0
Đại Nội,7,77,RF,1009.3990182567578,2.0
Đại Nội,7,77,SARIMAX,1245.5474628882223,6.0
Đại Nội,7,77,SeasonalNaive7,1204.4656862745096,5.0
Đại Nội,7,77,TFT,974.163876359634,1.0
Đại Nội,7,99,ARIMAX,1180.9258700023918,5.0
Đại Nội,7,99,DLM,1148.2514018193726,4.0
Đại Nội,7,99,ETS,1201.25244079117,6.0
Đại Nội,7,99,LSTM,1144.6040552414388,3.0
Đại Nội,7,99,RF,1013.0369237862365,2.0
Đại Nội,7,99,SARIMAX,1245.5474628882223,8.0
Đại Nội,7,99,SeasonalNaive7,1204.4656862745096,7.0
Đại Nội,7,99,TFT,907.8124163717196,1.0
Đại Nội,7,123,ARIMAX,1180.9258700023918,3.0
Đại Nội,7,123,DLM,1196.0670509184629,5.0
Đại Nội,7,123,ETS,1201.25244079117,6.0
Đại Nội,7,123,LSTM,1184.9749833782125,4.0
Đại Nội,7,123,RF,1016.988939598093,2.0
Đại Nội,7,123,SARIMAX,1245.5474628882223,8.0
Đại Nội,7,123,SeasonalNaive7,1204.4656862745096,7.0
Đại Nội,7,123,TFT,865.9087993137085,1.0
Đại Nội,7,256,ARIMAX,1180.9258700023918,4.0
Đại Nội,7,256,DLM,1324.821175748312,8.0
Đại Nội,7,256,ETS,1201.25244079117,5.0
Đại Nội,7,256,LSTM,1166.6829932172568,3.0
Đại Nội,7,256,RF,1018.2493414700019,2.0
Đại Nội,7,256,SARIMAX,1245.5474628882223,7.0
Đại Nội,7,256,SeasonalNaive7,1204.4656862745096,6.0
Đại Nội,7,256,TFT,991.8168742986015,1.0
Đại Nội,7,512,ARIMAX,1180.9258700023918,3.0
Đại Nội,7,512,DLM,1198.0253381555551,4.0
Đại Nội,7,512,ETS,1201.25244079117,5.0
Đại Nội,7,512,LSTM,1287.9982383205836,8.0
Đại Nội,7,512,RF,999.1476886893238,2.0
Đại Nội,7,512,SARIMAX,1245.5474628882223,7.0
Đại Nội,7,512,SeasonalNaive7,1204.4656862745096,6.0
Đại Nội,7,512,TFT,782.520880093232,1.0
Đại Nội,7,2024,ARIMAX,1180.9258700023918,4.0
Đại Nội,7,2024,DLM,1274.1008298691704,8.0
Đại Nội,7,2024,ETS,1201.25244079117,5.0
Đại Nội,7,2024,LSTM,1143.4914411583632,3.0
Đại Nội,7,2024,RF,1018.174194259324,2.0
Đại Nội,7,2024,SARIMAX,1245.5474628882223,7.0
Đại Nội,7,2024,SeasonalNaive7,1204.4656862745096,6.0
Đại Nội,7,2024,TFT,850.6638804061637,1.0
Đại Nội,7,2025,ARIMAX,1180.9258700023918,4.0
Đại Nội,7,2025,DLM,1160.3537367652955,3.0
Đại Nội,7,2025,ETS,1201.25244079117,6.0
Đại Nội,7,2025,LSTM,1195.3734456731877,5.0
Đại Nội,7,2025,RF,995.9278613365054,2.0
Đại Nội,7,2025,SARIMAX,1245.5474628882223,8.0
Đại Nội,7,2025,SeasonalNaive7,1204.4656862745096,7.0
Đại Nội,7,2025,TFT,938.3680804342196,1.0
Đại Nội,30,1,ARIMAX,1492.3603515504435,2.0
Đại Nội,30,1,DLM,1590.7430336035027,4.0
Đại Nội,30,1,ETS,1973.363684607559,8.0
Đại Nội,30,1,LSTM,1871.3319579254758,7.0
Đại Nội,30,1,RF,1493.1745801384209,3.0
Đại Nội,30,1,SARIMAX,1608.4523972294649,5.0
Đại Nội,30,1,SeasonalNaive7,1845.7182320441989,6.0
Đại Nội,30,1,TFT,1281.2022374611533,1.0
Đại Nội,30,7,ARIMAX,1492.3603515504435,3.0
Đại Nội,30,7,DLM,1428.918413099664,2.0
Đại Nội,30,7,ETS,1973.363684607559,8.0
Đại Nội,30,7,LSTM,1559.1882754197645,5.0
Đại Nội,30,7,RF,1499.268688222732,4.0
Đại Nội,30,7,SARIMAX,1608.4523972294649,6.0
Đại Nội,30,7,SeasonalNaive7,1845.7182320441989,7.0
Đại Nội,30,7,TFT,1229.5141008071478,1.0
Đại Nội,30,42,ARIMAX,1492.3603515504435,2.0
Đại Nội,30,42,DLM,1651.0039543180299,6.0
Đại Nội,30,42,ETS,1973.363684607559,8.0
Đại Nội,30,42,LSTM,1638.4365750692668,5.0
Đại Nội,30,42,RF,1499.511999923167,3.0
Đại Nội,30,42,SARIMAX,1608.4523972294649,4.0
Đại Nội,30,42,SeasonalNaive7,1845.7182320441989,7.0
Đại Nội,30,42,TFT,856.957217390366,1.0
Đại Nội,30,77,ARIMAX,1492.3603515504435,2.0
Đại Nội,30,77,DLM,1669.7005658092567,5.0
Đại Nội,30,77,ETS,1973.363684607559,7.0
Đại Nội,30,77,LSTM,2113.3596022684587,8.0
Đại Nội,30,77,RF,1528.5174619781258,3.0
Đại Nội,30,77,SARIMAX,1608.4523972294649,4.0
Đại Nội,30,77,SeasonalNaive7,1845.7182320441989,6.0
Đại Nội,30,77,TFT,1047.101458639071,1.0
Đại Nội,30,99,ARIMAX,1492.3603515504435,2.0
Đại Nội,30,99,DLM,1613.4159276546359,6.0
Đại Nội,30,99,ETS,1973.363684607559,8.0
Đại Nội,30,99,LSTM,1511.1244417075613,4.0
Đại Nội,30,99,RF,1506.9601984535936,3.0
Đại Nội,30,99,SARIMAX,1608.4523972294649,5.0
Đại Nội,30,99,SeasonalNaive7,1845.7182320441989,7.0
Đại Nội,30,99,TFT,854.3912657005352,1.0
Đại Nội,30,123,ARIMAX,1492.3603515504435,3.0
Đại Nội,30,123,DLM,1662.2939309527505,6.0
Đại Nội,30,123,ETS,1973.363684607559,8.0
Đại Nội,30,123,LSTM,1646.2274364655138,5.0
Đại Nội,30,123,RF,1468.0687029667015,2.0
Đại Nội,30,123,SARIMAX,1608.4523972294649,4.0
Đại Nội,30,123,SeasonalNaive7,1845.7182320441989,7.0
Đại Nội,30,123,TFT,819.1241596706665,1.0
Đại Nội,30,256,ARIMAX,1492.3603515504435,2.0
Đại Nội,30,256,DLM,2282.261890942715,8.0
Đại Nội,30,256,ETS,1973.363684607559,7.0
Đại Nội,30,256,LSTM,1518.2089701303994,3.0
Đại Nội,30,256,RF,1542.0557611967413,4.0
Đại Nội,30,256,SARIMAX,1608.4523972294649,5.0
Đại Nội,30,256,SeasonalNaive7,1845.7182320441989,6.0
Đại Nội,30,256,TFT,957.6740587771927,1.0
Đại Nội,30,512,ARIMAX,1492.3603515504435,3.0
Đại Nội,30,512,DLM,1773.376011693549,5.0
Đại Nội,30,512,ETS,1973.363684607559,8.0
Đại Nội,30,512,LSTM,1935.4561441765607,7.0
Đại Nội,30,512,RF,1420.0713435523194,2.0
Đại Nội,30,512,SARIMAX,1608.4523972294649,4.0
Đại Nội,30,512,SeasonalNaive7,1845.7182320441989,6.0
Đại Nội,30,512,TFT,829.0428095864986,1.0
Đại Nội,30,2024,ARIMAX,1492.3603515504435,3.0
Đại Nội,30,2024,DLM,2110.0078322929658,8.0
Đại Nội,30,2024,ETS,1973.363684607559,7.0
Đại Nội,30,2024,LSTM,1518.1991089411183,4.0
Đại Nội,30,2024,RF,1461.7088472480002,2.0
Đại Nội,30,2024,SARIMAX,1608.4523972294649,5.0
Đại Nội,30,2024,SeasonalNaive7,1845.7182320441989,6.0
Đại Nội,30,2024,TFT,838.5997887711499,1.0
Đại Nội,30,2025,ARIMAX,1492.3603515504435,2.0
Đại Nội,30,2025,DLM,1688.7694487776794,6.0
Đại Nội,30,2025,ETS,1973.363684607559,8.0
Đại Nội,30,2025,LSTM,1661.4750260394321,5.0
Đại Nội,30,2025,RF,1521.228438729709,3.0
Đại Nội,30,2025,SARIMAX,1608.4523972294649,4.0
Đại Nội,30,2025,SeasonalNaive7,1845.7182320441989,7.0
Đại Nội,30,2025,TFT,862.1898200103591,1.0
